YEAR,MONTH,DATE,SITE,START,FINISH,AVG_WIND,MAX_WIND,DIRECTION,AIR_TEMP,WIND.CHILL,FOOTPRINTS,DOG_TRACKS,KELP_PLANTS,HOLDFASTS,INVESTIGATOR
2015,9,9/24/2015,SCLB,13:48,14:15,1.1,1.2,SSE,26.1,26,>10,>1,117,2,Dugan
2015,9,9/24/2015,ABB,14:55,15:20,2.5,2.7,WNW,25.3,24.8,>10,>1,52,0,Dugan
2015,9,9/25/2015,IVWB,14:40,15:15,3.1,4.2,SW,24,23.4,>10,>10,5,1,Hubbard
2015,9,9/28/2015,AQB,16:05,16:27,1.2,1.4,WNW,23,22.8,>1,>1,23,2,Dugan
2015,9,9/25/2015,EUCB,13:45,14:30,2.2,5.4,WNW,25.4,22.3,>1,>1,27,14,Dugan
2017,1,1/24/2017,EUCB,14:40,15:15,1.4,1.8,WNW,12.7,12.4,>1,>1,49,0,Dugan
2017,1,1/24/2017,IVWB,15:30,15:50,0.2,0.7,SW,12.1,12.1,>10,>1,377,0,Hubbard
2017,1,1/25/2017,ABB,14:30,15:15,0.7,1.1,SSW,17.8,15.9,-99999,-99999,164,0,Dugan
2017,1,1/26/2017,CSB-CCB,14:50,15:20,2.2,2.5,WSW,15.2,14,-99999,-99999,0,0,Dugan
2017,1,1/26/2017,CSB-CCB,14:50,15:20,2.2,2.5,WSW,15.2,14,-99999,-99999,45,0,Dugan
2017,1,1/26/2017,AQB,15:00,15:45,0.9,1.4,SW,12.5,12.5,1,-99999,1190,0,Hubbard
2017,1,1/26/2017,SCLB,13:57,14:25,2.2,2.5,WSW,13.8,12.5,>1,>1,13,0,Dugan
2017,2,2/22/2017,CSB-CCB,14:55,15:30,7.7,9.7,WNW,16.5,10.1,>10,>1,4,0,Dugan
2017,2,2/22/2017,CSB-CCB,14:55,15:30,7.7,9.7,WNW,16.5,10.1,>10,>1,21,0,Dugan
2017,2,2/22/2017,SCLB,12:35,13:10,1.8,4.8,WNW,17.6,13.9,>1,>1,9,0,Dugan
2017,2,2/23/2017,ABB,13:55,14:20,3.6,5.6,WNW,17,13.5,>10,>1,147,0,Dugan
2017,2,2/24/2017,EUCB,14:50,15:20,1.3,1.7,WNW,16.1,15.4,>1,-99999,706,0,Dugan
2017,2,2/24/2017,IVWB,16:20,17:00,2.6,3.1,ESE,16,14.1,>10,-99999,532,0,Dugan
2017,2,2/28/2017,AQB,16:15,-99999,2.1,3.7,W,17.7,17.7,0,0,0,0,Hubbard
2017,3,3/22/2017,EUCB,13:31,14:00,4.7,6.1,WEST,14.7,11.8,>1,1,12,4,Dugan
2017,3,3/22/2017,IVWB,15:30,15:50,3.5,5.7,SW,18.5,15.1,>10,>10,3,0,Hubbard
2017,3,3/27/2017,ABB,14:20,14:40,5,6,WNW,16,15,>10,>1,21,0,Dugan
2017,3,3/28/2017,CSB-CCB,15:45,16:05,1.1,1.3,ESE,19.2,18.4,>10,0,0,0,Dugan
2017,3,3/28/2017,CSB-CCB,15:45,16:05,1.1,1.3,ESE,19.2,18.4,>10,0,14,0,Dugan
2017,3,3/28/2017,SCLB,15:00,15:26,2.4,2.8,ESE,18,16.5,>10,>1,49,0,Dugan
2017,3,3/29/2017,AQB,16:00,16:30,1.6,2.1,SW,18,18,0,0,2,0,Hubbard
2017,4,4/26/2018,ABB,15:00,15:20,4,4.9,WNW,17.3,14.3,>1,>1,10,0,Dugan
2017,4,4/26/2017,IVWB,15:15,15:45,4.5,4.8,W,18.5,15.7,>10,>1,55,0,Hubbard
2017,4,4/26/2017,EUCB,17:00,17:30,1.6,3.2,E,25.7,25.6,>10,>1,14,0,Hubbard
2017,4,4/28/2017,CSB-CCB,15:20,-99999,7.8,8.9,W,18.8,13.8,>10,>10,3,0,Hubbard
2017,4,4/28/2017,CSB-CCB,15:20,-99999,7.8,8.9,W,18.8,13.8,>10,>10,6,0,Hubbard
2017,4,4/28/2017,SCLB,14:40,-99999,5.3,11.2,W,26.6,25.5,>10,>10,5,0,Hubbard
2017,4,5/3/2017,AQB,10:20,10:40,1.9,2.4,E,17.9,17.9,>1,0,1,0,Hubbard
2017,5,5/24/2017,SCLB,14:25,14:45,1.8,2.1,SSE,14.5,14.3,>1,>1,17,5,Dugan
2017,5,5/24/2017,CSB-CCB,15:10,15:35,2.5,2.8,-99999,15,13.7,>10,>1,4,0,Dugan
2017,5,5/24/2017,CSB-CCB,15:10,15:35,2.5,2.8,-99999,15,13.7,>10,>1,10,0,Dugan
2017,5,5/23/2017,EUCB,15:08,15:34,3.3,3.9,W,15.6,12.5,>10,>1,16,0,Dugan
2017,5,5/25/2017,ABB,15:45,16:05,1.6,1.3,ESE,18.3,17.7,>10,>1,3,0,Dugan
2017,5,5/26/2017,AQB,15:20,15:45,2.8,3.6,W,16.3,15.2,>1,0,2,0,Hubbard
2017,5,5/23/2017,IVWB,15:00,15:30,1.7,2,SW,16.9,16.4,>10,>10,4,0,Hubbard
2017,6,6/13/2017,ABB,08:30,09:10,2.8,3.2,ESE,17.3,16.2,>10,>1,5,0,Dugan
2017,6,6/14/2017,CSB-CCB,09:35,10:00,1.5,1.8,S,17.5,17.4,>10,>1,13,0,Dugan
2017,6,6/14/2017,CSB-CCB,09:35,10:00,1.5,1.8,S,17.5,17.4,>10,>1,6,0,Dugan
2017,6,6/14/2017,SCLB,08:00,08:25,1.7,2,ESE,17.2,16.7,>1,>1,1,0,Dugan
2017,6,6/14/2017,EUCB,09:45,10:15,1.6,2,SE,17.2,17.1,>10,>1,6,0,Hubbard
2017,6,6/14/2017,IVWB,07:45,08:00,2,2.5,E,17.5,17.4,>10,>1,43,0,Hubbard
2017,6,6/15/2017,AQB,08:45,09:15,0.8,1.2,E,17.9,17.9,0,0,2,0,Hubbard
2017,7,7/27/2017,CSB-CCB,09:12,09:35,1.3,1.8,SSE,19.6,19.2,>10,-99999,7,0,Dugan
2017,7,7/27/2017,CSB-CCB,09:12,09:35,1.3,1.8,SSE,19.6,19.2,>10,-99999,28,0,Dugan
2017,7,7/27/2017,SCLB,08:30,08:55,1.3,1.5,SSE,18.8,18.6,>10,>1,15,0,Dugan
2017,7,7/28/2017,EUCB,09:45,10:10,0.5,0.7,SSW,20.9,20.7,-99999,-99999,11,1,Dugan
2017,7,7/28/2017,IVWB,08:20,09:00,0.5,0.6,-99999,19,19.2,>1,>1,35,0,Dugan
2017,7,7/31/2017,AQB,11:35,12:05,1.2,1.7,WSW,19.7,19.3,>1,>1,83,8,Dugan
2017,7,7/26/2017,ABB,08:20,08:45,0.3,0.5,SSE,22.1,21.7,>10,>1,20,0,Dugan
2017,8,8/21/2017,IVWB,15:00,15:30,1.8,2.1,SW,19.9,19.5,>10,>1,6,1,Hubbard
2017,8,8/23/2017,ABB,08:05,08:25,0.9,1.4,ESE,18.9,18.8,>10,>1,25,0,Dugan
2017,8,8/23/2017,ABB,08:05,08:25,0.9,1.4,ESE,18.9,18.9,>10,>1,25,0,Dugan
2017,8,8/22/2017,SCLB,14:55,15:20,2.6,3.1,W,20.4,19.2,>10,>1,16,0,Dugan
2017,8,8/26/2017,AQB,09:00,-99999,1,0.7,E,18.1,18.1,-99999,-99999,22,0,Hubbard
2017,8,8/26/2017,AQB,09:00,-99999,1,0.7,E,18.1,-99999,-99999,-99999,22,0,Hubbard
2017,8,8/21/2017,EUCB,15:30,16:15,3,5.1,WNW,21.5,19.9,>10,>1,6,0,Dugan
2017,8,8/22/2017,CSB-CCB,15:45,16:11,3.4,3.8,W,20.2,18.2,>100,>1,21,0,Dugan 
2017,8,8/22/2017,CSB-CCB,15:45,16:11,3.4,3.8,W,20.2,18.2,>100,>1,25,0,Dugan 
2017,9,10/2/2017,EUCB,16:10,-99999,-99999,-99999,-99999,-99999,-99999,-99999,-99999,25,0,Hubbard
2017,9,10/2/2017,SCLB,14:10,14:40,3.4,4,W,19.5,17.1,>10,>1,9,1,Dugan
2017,9,10/2/2017,IVWB,14:45,-99999,4.1,6.4,SW,19.2,15.6,-99999,-99999,3,0,Hubbard
2017,9,10/3/2017,ABB,14:00,14:20,1,1.2,ESE,20.3,20.1,>10,>1,11,4,Dugan
2017,9,10/1/2017,AQB,16:30,-99999,0.9,1.1,S,19.9,19.9,>1,>1,6,0,Dugan
2017,9,10/2/2017,CSB-CCB,14:55,15:25,2.6,2.9,W,21.1,19.1,>100,>10,2,0,Dugan
2017,9,10/2/2017,CSB-CCB,14:55,15:25,2.6,2.9,W,21.1,19.1,>100,>10,7,0,Dugan
2017,10,11/3/2017,CSB-CCB,15:50,16:15,1.2,1.3,SSW,20,19.9,>10,0,17,0,Hubbard
2017,10,11/3/2017,CSB-CCB,15:35,15:50,1.2,1.3,SW,20,19.9,0,0,16,0,Hubbard
2017,10,10/30/2017,SCLB,11:58,12:26,1.9,2.3,WSW,17.9,17.7,>10,>1,42,0,Dugan
2017,10,11/6/2017,ABB,16:25,17:00,1.3,1.5,WSW,17.2,17,>10,>1,130,6,Dugan
2017,10,10/31/2017,EUCB,15:45,16:20,1.1,1.7,W,20,19.6,>1,>1,69,27,Dugan
2017,10,10/21/2017,AQB,15:45,16:00,2.4,3,E,16.7,16.7,>1,0,78,0,Hubbard
2017,10,10/31/2017,IVWB,13:20,13:35,1.8,2,SW,17.9,17.9,>10,>1,172,0,Hubbard
2017,11,11/29/2017,CSB-CCB,13:45,14:23,0.9,1.8,SW,18.1,18.1,>10,>1,7,0,Hubbard
2017,11,11/29/2017,CSB-CCB,14:23,-99999,0.9,1.8,SW,18.1,18.1,>10,>1,3,0,Hubbard
2017,11,11/29/2017,SCLB,12:42,-99999,3,3.6,SW,18,16.8,>10,>1,4,0,Hubbard
2017,11,11/20/2017,ABB,13:55,14:15,0.8,0.9,ESE,18.6,18.5,>10,>1,31,0,Dugan
2017,11,11/22/2017,EUCB,17:00,17:25,1,1.4,WNW,20.8,20.6,>10,>1,5,0,Dugan
2017,11,11/22/2017,IVWB,17:00,17:30,0.4,1.1,W,22.4,22.4,>100,>10,4,0,Hubbard
2017,11,12/5/2017,AQB,15:53,16:30,1,1.2,W,14,14,0,0,22,0,Hubbard
2017,12,12/28/2017,SCLB,11:25,11:50,2,2.5,WNW,17.5,16.4,>10,>1,57,0,Dugan
2017,12,12/28/2017,AQB,15:00,15:45,0.6,1.2,SW,20.7,20.7,>1,1,21,0,Hubbard
2018,1,2/12/2018,AQB,15:45,16:15,3.6,5.6,W,16.1,13.8,>1,0,0,0,Hubbard
2018,1,1/26/2018,EUCB,11:50,-99999,-99999,-99999,-99999,-99999,-99999,-99999,-99999,263,0,Dugan
2018,1,1/26/2018,IVWB,11:15,11:45,1.2,1.5,SE,15.8,15.8,>10,>1,68,71,Hubbard
2018,1,1/29/2018,ABB,15:30,16:00,0.7,0.8,W,20,19.7,>10,>1,106,0,Dugan
2018,1,1/30/2018,SCLB,14:45,15:20,1.2,1.3,ESE,19.1,18.8,>10,>1,7,0,Dugan
2018,1,2/9/2018,CSB-CCB,14:00,14:27,2.5,2.8,ESE,16,15.1,>10,1,0,0,Dugan
2018,1,2/9/2018,CSB-CCB,14:00,14:27,2.5,2.8,ESE,16,15.1,>10,1,4,0,Dugan
2018,2,2/26/2018,AQB,15:30,16:00,3.4,4.6,W,14.2,12.1,1,0,9,0,Hubbard
2018,2,2/27/2018,ABB,16:00,16:25,1.9,2.4,ESE,13.1,12,>10,>1,35,0,Dugan
2018,2,2/28/2018,IVWB,14:15,14:45,1.3,1.7,E,14.1,14.1,>10,>1,8,0,Hubbard
2018,2,2/28/2018,EUCB,15:25,15:50,0.9,1.2,SW,14.3,14.1,>10,>1,11,0,Hubbard
2018,2,2/28/2018,SCLB,13:50,14:23,2.4,2.7,ESE,13.5,12.1,>10,>1,7,0,Dugan
2018,2,2/28/2018,CSB-CCB,14:50,15:15,-99999,-99999,ESE,-99999,-99999,>10,>1,2,0,Dugan
2018,2,2/28/2018,CSB-CCB,14:50,15:15,-99999,-99999,ESE,-99999,-99999,>10,>1,8,0,Dugan
2018,3,3/19/2018,AQB,16:00,-99999,2.4,3.1,W,14.5,12.8,1,1,4,0,Hubbard
2018,3,3/20/2018,IVWB,07:15,07:50,1,3,W,14.8,14.8,0,0,8,0,Hubbard
2018,3,3/20/2018,ABB,08:15,08:40,1.6,1.9,W,14.3,13.8,>10,>1,79,0,Dugan
2018,3,3/20/2018,EUCB,07:36,08:00,0.1,0.2,E,14.9,14.9,>1,0,115,0,Dugan
2018,3,3/19/2018,SCLB,15:45,16:10,2.2,2.4,W,15.9,14.3,>10,>1,8,0,Dugan
2018,3,3/19/2018,CSB-CCB,16:35,17:00,1.9,2.1,W,15.6,14.7,>10,>1,12,0,Dugan
2018,3,3/19/2018,CSB-CCB,16:35,17:00,1.9,2.1,W,15.6,14.7,>10,>1,24,0,Dugan
2018,4,4/19/2018,IVWB,08:55,09:30,2.7,3,SW,12.7,10.2,>10,>1,18,0,Hubbard
2018,4,4/24/2018,CSB-CCB,13:50,14:15,1.3,1.5,SSW,15.4,15.2,>10,1,16,0,Dugan
2018,4,4/24/2018,CSB-CCB,13:50,14:15,1.3,1.5,SSW,15.4,15.2,>10,1,19,0,Dugan
2018,4,4/20/2018,ABB,09:30,09:50,5.2,6.2,ESE,14.8,9.5,>10,>1,80,0,Dugan
2018,4,4/19/2018,EUCB,08:50,09:20,2.7,3.8,NW,13,9.5,1,1,81,1,Dugan
2018,4,4/24/2018,SCLB,13:00,13:30,1.2,1.6,SSW,15,14.3,>1,>1,7,0,Dugan
2018,4,4/23/2018,AQB,13:50,14:15,2.2,2.4,W,15.6,14.3,-99999,>1,1,2,Dugan
2018,5,5/16/2018,EUCB,07:15,07:48,1.7,2.5,ESE,15.4,14.5,-99999,0,101,2,Dugan
2018,5,5/16/2018,ABB,08:15,08:40,1,1.3,ESE,16,15.6,>10,>1,32,0,Dugan
2018,5,5/17/2018,SCLB,08:00,08:25,1,1.3,S,15.4,15,>1,1,2,0,Dugan
2018,5,5/17/2018,CSB-CCB,08:45,09:05,2.3,2.8,ESE,16.1,14.5,>10,1,15,0,Dugan
2018,5,5/17/2018,CSB-CCB,08:45,09:05,2.3,2.8,ESE,16.1,14.5,>10,1,17,0,Dugan
2018,5,5/16/2018,IVWB,06:55,07:25,0.6,0.8,E,15.9,15.9,1,1,13,0,Hubbard
2018,5,5/16/2018,IVWB,06:55,07:25,0.6,0.8,E,16.9,16.9,1,1,13,0,Hubbard
2018,5,5/16/2018,IVWB,06:55,07:25,0.6,0.8,E,17.9,17.9,1,1,13,0,Hubbard
2018,5,5/16/2018,IVWB,06:55,07:25,0.6,0.8,E,18.9,18.9,1,1,13,0,Hubbard
2018,5,5/16/2018,IVWB,06:55,07:25,0.6,0.8,E,19.9,19.9,1,1,13,0,Hubbard
2018,5,5/16/2018,IVWB,06:55,07:25,0.6,0.8,E,20.9,20.9,1,1,13,0,Hubbard
2018,5,5/16/2018,IVWB,06:55,07:25,0.6,0.8,E,21.9,21.9,1,1,13,0,Hubbard
2018,5,5/16/2018,IVWB,06:55,07:25,0.6,0.8,E,22.9,22.9,1,1,13,0,Hubbard
2018,5,5/16/2018,IVWB,06:55,07:25,0.6,0.8,E,23.9,23.9,1,1,13,0,Hubbard
2018,5,5/16/2018,IVWB,06:55,07:25,0.6,0.8,E,24.9,24.9,1,1,13,0,Hubbard
2018,5,5/16/2018,IVWB,06:55,07:25,0.6,0.8,E,25.9,25.9,1,1,13,0,Hubbard
2018,5,5/16/2018,AQB,08:00,-99999,1.3,3.6,NW,19,19,-99999,-99999,0,0,Hubbard
2018,6,6/17/2018,AQB,09:33,10:15,1.5,1.8,SW,15.6,15.6,0,0,5,0,Hubbard
2018,6,6/15/2018,EUCB,08:30,09:00,1.3,1.6,SW,16.2,16,>1,>1,118,0,Dugan
2018,6,6/19/2018,SCLB,08:00,08:30,2.1,2.6,E,16.2,15.5,>1,>1,46,0,Dugan
2018,6,6/19/2018,CSB-CCB,08:40,09:10,2.4,2.7,ESE,16.1,15.1,>10,>1,39,0,Dugan
2018,6,6/19/2018,CSB-CCB,08:40,09:10,2.4,2.7,ESE,16.1,15.1,>10,>1,78,0,Dugan
2018,6,6/18/2018,ABB,08:10,08:38,2.7,2.9,E,16.9,14.9,>1,>1,56,0,Dugan
2018,6,6/15/2018,IVWB,08:00,08:25,0.4,0.6,S,15.4,15.4,>1,>1,41,0,Hubbard
2018,7,7/20/2018,SCLB,08:45,09:15,1.2,1.4,S,21.3,21.2,>10,>1,14,0,Dugan
2018,7,7/17/2018,IVWB,08:25,-99999,2.3,3.2,SE,19,19,>10,-99999,5,0,Hubbard
2018,7,7/20/2018,CSB-CCB,09:45,10:10,2.4,2.8,S,21.2,20.3,>10,>1,8,0,Dugan
2018,7,7/20/2018,CSB-CCB,09:45,10:10,2.4,2.8,S,21.2,20.3,>10,>1,33,0,Dugan
2018,7,7/19/2018,ABB,10:29,10:40,0.6,0.7,SSW,22,21.4,>10,>10,18,0,Dugan
2018,7,7/17/2018,EUCB,08:45,09:15,3.3,3.8,W,19.2,17,>10,>1,15,0,Dugan
2018,7,7/16/2018,AQB,10:00,10:40,0.7,0.8,E,21.6,21.5,>1,>1,15,4,Hubbard
2018,8,8/29/2018,EUCB,07:35,08:27,1.4,1.7,ENE,21.8,22,0,0,19,1,Dugan
2018,8,8/29/2018,IVWB,08:00,08:30,1.6,1.8,E,20.5,20.5,>10,>1,17,0,Hubbard
2018,8,8/30/2018,AQB,08:30,09:15,4.1,5.4,W,21.8,18.6,1,0,23,1,Hubbard
2018,8,8/31/2018,CSB-CCB,09:00,09:25,1.8,2.3,ESE,21.6,20.8,>10,>1,9,0,Dugan
2018,8,8/31/2018,CSB-CCB,09:00,09:25,1.8,2.3,ESE,21.6,20.8,>10,0,36,0,Dugan
2018,8,8/31/2018,SCLB,08:15,08:45,1.5,1.8,SSE,20.2,20.1,1,1,21,0,Dugan
2018,8,8/30/2018,ABB,07:35,07:55,0.9,1.3,NNW,19.6,19.4,>10,>1,81,0,Dugan
2018,9,9/23/2018,AQB,07:35,-99999,1.8,2.2,W,17.9,17.9,>1,-99999,11,0,Hubbard
2018,9,9/26/2018,EUCB,16:30,17:00,1.8,2.1,SW,19.4,19.4,>10,>10,1,2,Hubbard
2018,9,9/26/2018,IVWB,15:00,15:40,3,3.6,W,20,18.7,>100,>10,0,0,Hubbard
2018,9,9/25/2018,CSB-CCB,15:40,16:10,3.6,3.9,WSW,18.6,15.3,>100,>1,0,0,Dugan
2018,9,9/25/2018,CSB-CCB,15:40,16:10,3.6,3.9,WSW,18.6,15.3,>100,>1,35,0,Dugan
2018,9,9/25/2018,SCLB,14:45,15:15,4.3,3.9,W,18.3,16.3,>10,>1,8,0,Dugan
2018,9,10/5/2018,ABB,14:50,15:10,1.2,1.3,WSW,21.6,21.4,>100,>10,139,5,Dugan
2018,10,10/12/2018,SCLB,07:10,07:35,-99999,-99999,-99999,-99999,-99999,>10,>1,40,0,Dugan
2018,10,10/25/2018,IVWB,-99999,-99999,2.4,3.4,W,20.3,20,>10,-99999,11,0,Hubbard
2018,10,10/26/2018,ABB,13:30,15:20,2.2,2.4,W,18.4,16.5,>10,>1,24,0,Hubbard
2018,10,11/5/2018,AQB,14:45,14:56,0.8,0.8,SW,22,22,0,0,53,0,Hubbard
2018,10,11/6/2018,EUCB,14:40,15:10,1.2,1.4,S ,19.7,19.6,>10,>1,36,0,Hubbard
2018,10,11/7/2018,CSB-CCB,14:00,14:30,1.1,1.4,SW,17.8,17.6,>10,>1,3,0,Hubbard
2018,10,11/7/2018,CSB-CCB,14:00,14:30,1.1,1.4,SW,17.8,17.6,>10,>1,5,1,Hubbard
2018,11,11/20/2018,ABB,12:30,12:55,0.6,0.8,SSW,21.6,21.2,>10,>1,32,0,Dugan
2018,11,11/30/2018,EUCB,09:40,10:10,1.6,2.9,S,20.7,20.7,1,0,96,0,Hubbard
2018,11,11/30/2018,IVWB,09:00,09:25,4.8,6.9,-99999,15.7,11.8,>1,0,376,0,Hubbard
2018,11,11/30/2018,CSB-CCB,11:00,11:30,6.5,8.1,W,17.1,11.4,>10,0,6,0,Dugan
2018,11,11/30/2018,CSB-CCB,11:00,11:30,6.5,8.1,W,17.1,11.4,>10,0,25,0,Dugan
2018,11,11/30/2018,SCLB,10:00,10:45,3.6,3.9,SW,17.2,13.7,>10,>1,8,0,Dugan
2018,11,11/18/2018,AQB,11:15,11:45,3.2,4.7,W,16.2,15.1,>1,1,41,0,Hubbard
2018,12,12/17/2018,SCLB,13:28,14:05,2.1,2.5,S,16.7,16.2,>10,>1,0,0,Hubbard
2018,12,12/17/2018,CSB-CCB,-99999,-99999,1.5,2,SE,16.7,15.9,>10,>1,10,0,Hubbard
2018,12,12/17/2018,CSB-CCB,-99999,-99999,1.5,2,SE,16.7,15.9,>10,>1,4,0,Hubbard
2018,12,12/18/2018,EUCB,14:25,14:50,0.5,1.1,S,18.6,18.6,>10,0,1,0,Hubbard
2018,12,12/18/2018,IVWB,13:30,13:55,1.3,1.5,SW,19.9,19.9,>10,>1,15,0,Hubbard
2018,12,12/20/2018,AQB,14:19,15:05,0.8,1.6,S,17.4,17.4,>1,>1,0,0,Hubbard
2018,12,12/21/2018,ABB,14:40,15:20,1,1.2,ESE,19,18.3,>10,>1,63,0,Dugan
2019,12,12/11/2019,IVWB,14:00,14:40,1.4,1.7,SW,17.5,17.5,>10,>1,56,-99999,Hubbard
2019,12,12/11/2019,EUCB,15:00,15:45,0.1,0.3,W,22.3,22.3,>10,>1,79,-99999,Hubbard
2019,12,12/11/2019,ABB,15:53,16:15,2.7,3.9,W,20,17.5,>10,>1,166,-99999,Dugan
2019,12,12/11/2019,SCLB,13:55,14:18,1.9,2.4,SSW,16.7,15.5,>1,>1,22,-99999,Dugan
2019,1,1/28/2019,EUCB,11:00,11:25,0,0,-99999,20.5,20.5,>1,>1,21,-99999,Dugan
2019,1,2/1/2019,AQB,14:19,-99999,4.3,7.2,ESE,15.5,12,-99999,-99999,4,-99999,Dugan
2019,7,7/26/2019,IVWB,09:40,10:15,2,2.3,SW,19,18.2,-99999,-99999,6,-99999,Hubbard
2019,7,7/26/2019,EUCB,10:40,11:10,2,3.7,W,20.1,17.6,>100,>1,5,-99999,Dugan
2019,7,7/25/2019,CSB-CCB,09:50,10:15,1.1,1.5,W,21,20.8,>100,>10,2,-99999,Dugan
2019,7,7/25/2019,CSB-CCB,09:50,10:15,1.1,1.5,W,21,20.8,>100,>10,4,-99999,Dugan
2019,7,7/25/2019,SCLB,09:05,09:30,2.2,3,W,19.7,19.3,>10,>1,14,-99999,Dugan
2019,5,5/13/2019,EUCB,13:50,14:20,1.6,2.2,WSW,17.4,15.9,-99999,-99999,4,-99999,Dugan
2019,5,5/13/2019,IVWB,11:00,11:35,3.2,4.1,SW,16.7,15.7,>10,>1,4,-99999,Hubbard
2019,5,5/24/2019,ABB,09:45,10:15,1.1,1.6,W,14.7,14.6,>10,>10,4,-99999,Hubbard
2019,5,5/16/2019,AQB,14:00,-99999,1.7,1.9,W,21.5,21.4,0,0,0,-99999,Hubbard
2019,5,5/24/2019,SCLB,09:40,10:13,1.7,1.9,SSW,12.7,12.2,>10,-99999,14,-99999,Dugan
2019,5,5/24/2019,CSB-CCB,10:35,10:55,1.2,1.3,SSW,13.7,13.4,>1,>1,11,-99999,Dugan
2019,12,12/13/2019,AQB,14:50,15:40,5.5,9.1,NW,19,17.2,0,0,37,-99999,Hubbard
2019,12,12/11/2019,CSB-CCB,14:41,15:11,0.4,0.7,WSW,18.3,18.1,-99999,-99999,15,-99999,Dugan
2019,12,12/11/2019,CSB-CCB,14:41,15:11,0.4,0.7,WSW,18.3,18.1,-99999,-99999,2,-99999,Dugan
2019,6,6/10/2019,EUCB,11:10,11:43,1.6,2,WSW,17.8,17.3,-99999,-99999,4,-99999,Dugan
2019,6,6/12/2019,SCLB,11:33,-99999,1.6,2.1,WSW,18.4,17.6,>10,-99999,4,-99999,Dugan
2019,4,4/25/2019,CSB-CCB,11:00,11:25,1.4,1.7,SSE,15.8,15.4,>10,>1,1,-99999,Dugan
2019,4,4/25/2019,SCLB,10:15,-99999,1.1,1.6,S,15.1,15,>10,>1,5,-99999,Dugan
2019,4,4/25/2019,ABB,12:20,12:40,1,1.2,SSE,16.7,16.5,>10,>10,10,-99999,Dugan
2019,4,4/26/2019,EUCB,10:30,10:50,1,1.2,S,15.1,14.8,>1,>1,11,-99999,Dugan
2019,4,4/27/2019,AQB,10:45,-99999,2.7,3.1,SW,14,14,1,0,2,-99999,Hubbard
2019,4,4/26/2019,IVWB,09:10,-99999,1.5,2.2,S,14.8,14.8,>1,>1,10,-99999,Hubbard
2019,3,3/25/2019,AQB,-99999,-99999,2.1,2.6,SW,14.7,14.5,1,0,2,-99999,Hubbard
2019,3,3/28/2019,CSB-CCB,13:18,13:45,4.6,5.1,W,16.1,11.5,>100,>1,0,-99999,Dugan
2019,3,3/26/2019,EUCB,09:05,09:40,0.3,0.4,ESE,16.4,16,-99999,-99999,3,-99999,Dugan
2019,3,3/28/2019,ABB,11:40,12:10,3.1,4.1,W,17.1,13.9,>10,>1,32,-99999,Dugan
2019,11,11/20/2019,ABB,10:10,10:25,2.9,3.8,E,16.4,14.3,>10,>1,37,-99999,Dugan
2019,11,11/21/2019,AQB,11:15,-99999,1.7,2.1,SE,16.1,16,1,0,49,-99999,Hubbard
2019,9,9/27/2019,EUCB,15:25,15:55,1.5,3.7,W,20.6,18.3,-99999,-99999,14,-99999,Dugan
2019,9,9/27/2019,IVWB,14:30,15:00,2,2.4,SW,22,22,>100,>10,7,-99999,Hubbard
2019,9,9/29/2019,AQB,16:00,-99999,4.2,8.4,NW,21.9,18.2,>1,0,0,-99999,Hubbard
2019,9,9/27/2019,ABB,14:00,14:20,2.1,2.4,W,21.1,19.1,>10,>1,37,-99999,Dugan
2019,9,9/30/2019,SCLB,14:45,15:08,5.1,5.9,E,19.5,16,>10,>1,5,-99999,Dugan
2019,9,9/30/2019,CSB-CCB,15:30,15:51,4.7,6,E,20.5,19,>10,1,1,-99999,Dugan
2019,9,9/30/2019,CSB-CCB,15:30,15:51,4.7,6,E,20.5,19,>10,1,2,-99999,Dugan
2019,7,7/18/2019,ABB,08:40,09:00,0.8,1,SW,19,18.5,>10,>1,55,2,Dugan
2019,7,7/31/2019,AQB,14:20,16:48,1.7,2,W,20,19.9,>1,0,-99999,-99999,Hubbard
2019,10,10/16/2019,IVWB,15:10,15:40,1.8,2.6,W,19.9,19.9,>10,>1,4,-99999,Hubbard
2019,10,10/16/2019,EUCB,15:45,16:27,2,2.8,W,20.8,19.1,>10,1,5,-99999,Dugan
2019,10,10/15/2019,CSB-CCB,15:45,16:10,2.1,2.4,WSW,19.6,19.1,>10,>1,0,-99999,Dugan
2019,10,10/15/2019,CSB-CCB,15:45,16:10,2.1,2.4,WSW,19.6,19.1,>10,>1,4,-99999,Dugan
2019,10,10/15/2019,SCLB,15:00,15:22,2.3,2.7,W,18.7,17.5,>10,>1,1,-99999,Dugan
2019,10,10/28/2019,ABB,15:30,15:55,4.2,5,W,19,15.6,>10,>1,4,-99999,Dugan
2019,10,10/29/2019,AQB,16:00,-99999,1.6,1.9,SE,18.7,18.7,0,1,1,-99999,Hubbard
2019,8,8/30/2019,SCLB,14:50,15:00,2.7,3.1,W,21.8,20.1,>10,>1,3,-99999,Dugan
2019,8,8/30/2019,CSB-CCB,15:25,16:00,2.4,2.9,WSW,21,19.8,>10,>1,0,-99999,Dugan
2019,8,9/3/2019,ABB,08:30,08:50,0.5,0.7,ESE,22.9,22.8,>100,>10,44,-99999,Dugan
2019,8,9/2/2019,AQB,09:00,10:00,0.9,1.1,W,23.8,23.8,>1,0,7,-99999,Hubbard
2019,1,1/29/2019,CSB-CCB,14:00,14:29,1.4,1.7,ESE,17.3,16.9,>10,>1,1,-99999,Dugan
2019,1,1/29/2019,CSB-CCB,14:00,14:29,1.4,1.7,ESE,17.3,16.9,>10,>1,2,-99999,Dugan
2019,3,3/26/2019,IVWB,09:45,10:15,1.6,2.1,SE,16.1,16.1,>10,>1,2,-99999,Hubbard
2019,1,1/29/2019,SCLB,13:10,-99999,1.1,1.2,ESE,17.6,17.3,>1,>1,-99999,-99999,Dugan
2019,1,1/31/2019,ABB,14:00,14:20,0.9,1.1,ESE,16.4,16.1,>10,>10,45,-99999,Dugan
2019,2,2/28/2019,EUCB,13:24,14:00,2,2.4,SSW,15,14.5,>1,>1,14,-99999,Dugan
2019,2,2/28/2019,IVWB,15:15,15:45,1.7,2.3,SW,14.8,14.8,>10,>10,1,-99999,Hubbard
2019,2,3/1/2019,ABB,15:20,15:40,0.4,0.7,SSW,16.6,16.5,>10,>10,6,-99999,Dugan
2019,2,3/5/2019,CSB-CCB,14:15,14:25,3.8,5.5,W,14.5,9.6,>10,>1,0,-99999,Hubbard
2019,2,3/5/2019,CSB-CCB,14:15,14:25,3.8,5.5,W,14.5,9.6,>10,>1,1,-99999,Hubbard
2019,2,3/3/2019,AQB,15:00,16:00,2.6,3.6,W,14.2,12.8,1,0,0,-99999,Hubbard
2019,2,3/5/2019,SCLB,13:40,14:05,3.6,5.3,W,14.7,9.8,>10,>1,0,-99999,Hubbard
2019,6,6/12/2019,ABB,10:36,-99999,1.2,1.4,WSW,18.4,17.9,>10,>1,7,1,Dugan
2019,6,6/10/2019,IVWB,09:45,10:15,1.4,1.9,SW,16.6,16.2,>1,>1,7,-99999,Hubbard
2019,6,6/15/2019,AQB,14:30,15:30,4.7,5.5,W,17.1,13.3,>1,>1,0,-99999,Hubbard
2019,11,11/26/2019,IVWB,14:00,16:35,1.5,2.3,SE,20.3,20,>10,>1,77,-99999,Hubbard
2019,11,11/26/2019,EUCB,15:15,15:52,-99999,-99999,-99999,-99999,-99999,>1,>1,164,-99999,Dugan
2019,11,11/22/2019,CSB-CCB,11:25,11:50,1.3,1.5,WSW,17.6,17.4,>10,>1,0,-99999,Dugan
2019,11,11/22/2019,CSB-CCB,11:25,11:50,1.3,1.5,WSW,17.6,17.4,>10,>1,1,-99999,Dugan
2019,11,11/22/2019,SCLB,10:35,11:00,1.9,2.3,W,16.7,15.9,>10,>1,4,-99999,Dugan
2019,6,6/12/2019,CSB-CCB,12:19,12:50,1.9,2.6,WSW,19.1,17.8,>100,>1,0,-99999,Dugan
2019,6,6/12/2019,CSB-CCB,12:19,12:50,1.9,2.6,WSW,19.1,17.8,>100,0,4,-99999,Dugan
2019,1,1/28/2019,IVWB,09:10,09:45,0.1,0.4,E,16.6,16.6,>10,>1,2,-99999,Hubbard
2019,3,3/28/2019,SCLB,12:35,13:05,4.2,4.9,W,16,12.2,>10,>1,1,-99999,Dugan
2019,8,9/3/2019,IVWB,07:30,08:00,1,1.3,E,20.6,20.6,>1,>1,1,-99999,Hubbard
2019,8,9/3/2019,EUCB,07:20,07:52,0.8,0.9,E,21.2,21.2,1,0,18,-99999,Dugan
2020,1,1/22/2020,EUCB,15:15,-99999,-99999,-99999,-99999,-99999,-99999,-99999,-99999,26,0,Hubbard
2020,1,1/22/2020,IVWB,14:00,14:40,2.4,3.9,W,18.1,18.1,>10,>10,22,1,Hubbard
2020,1,1/20/2020,AQB,14:50,-99999,1.5,1.7,E,15.1,15.1,>1,0,0,0,Hubbard
2020,1,1/21/2020,ABB,14:45,15:05,3.2,4.4,-99999,15.5,13.5,-99999,-99999,63,0,Dugan
2020,1,1/21/2020,CSB-CCB,13:45,14:05,2.7,2.9,SSW,14.9,13.7,>10,>1,3,-99999,Dugan
2020,1,1/21/2020,SCLB,13:00,13:26,2.1,2.6,WSW,15.3,14,>1,>1,9,-99999,Dugan
2020,1,1/21/2020,CSB-CCB,13:45,14:05,2.7,2.9,SSW,14.9,13.7,>10,>1,0,-99999,Dugan
2020,2,2/18/2020,ABB,14:45,15:05,2,2.4,W,16.8,16,>10,>1,12,-99999,Dugan
2020,2,2/18/2020,AQB,13:35,-99999,2.4,2.6,W,16,14.6,1,0,1,-99999,Hubbard
2020,2,2/18/2020,CSB-CCB,13:30,13:55,1,1.3,SSE,17.3,16.9,>100,>1,-99999,-99999,Dugan
2020,2,2/19/2020,EUCB,-99999,-99999,1.8,3.1,S,16,13.7,>10,>1,1,0,Hubbard
2020,2,2/19/2020,IVWB,13:30,14:20,3,4.1,W,15.5,13.2,>10,>1,0,0,Hubbard
2020,2,2/18/2020,SCLB,12:45,13:10,1.2,1.7,SSE,16.7,16.5,>1,>1,3,0,Dugan
2020,2,2/19/2020,IVWB,13:30,14:20,3,4.1,W,15.5,13.2,>10,>1,0,-99999,Hubbard
2020,3,3/17/2020,EUCB,14:50,15:15,1.6,2.1,WSW,14,13.6,>1,>1,84,0,Dugan
2020,3,3/17/2020,IVWB,10:45,11:15,2.2,2.8,E,12.7,10.7,>10,>1,48,0,Hubbard
2020,3,3/19/2020,ABB,13:25,13:45,1,1.4,WSW,15.1,14.7,>10,>10,68,0,Dugan
2020,3,3/19/2020,CSB-CCB,15:05,15:25,2.8,3.2,SSE,14.1,12.6,>10,>1,0,0,Dugan
2020,3,3/19/2020,CSB-CCB,15:05,15:25,2.8,3.2,SSE,14.1,12.6,>10,>1,2,0,Dugan
2020,3,3/19/2020,SCLB,14:20,14:40,2.2,3,SSE,15,13.9,>10,>1,17,0,Dugan
2020,3,3/19/2020,AQB,15:50,16:10,0.8,0.9,W,19.2,19.2,1,1,36,0,Hubbard
2020,4,4/15/2020,IVWB,11:00,11:35,1.5,1.7,SW,18.2,18.2,>100,>10,16,0,Hubbard
2020,4,5/15/2020,EUCB,11:15,11:55,1.8,2.3,W,19.8,18.6,>1,>1,3,0,Dugan
2020,6,6/30/2020,IVWB,10:00,10:30,3.1,4.2,SW,16.2,15.1,>10,>1,8,0,Hubbard
2020,6,7/1/2020,SCLB,13:10,13:40,1.2,1.4,SSW,18.9,18.8,>10,-99999,3,-99999,Dugan
2020,6,6/30/2020,EUCB,11:30,11:55,3,3.2,WNW,19,15.2,>10,>1,31,-99999,Dugan
2020,6,7/1/2020,ABB,11:05,11:30,1.6,1.8,ESE,18.5,18.2,>10,>1,26,-99999,Dugan
2020,6,7/1/2020,CSB-CCB,12:10,12:35,1.5,1.7,SSW,19.3,18.6,>100,0,1,-99999,Dugan
2020,6,7/1/2020,AQB,13:30,-99999,0.8,1,W,17.9,17.9,1,1,38,-99999,Hubbard
2020,7,7/1/2020,SCLB,13:10,13:40,1.2,1.4,SSW,18.9,18.8,>10,-99999,3,-99999,Dugan
2020,7,7/24/2020,EUCB,08:15,09:00,0.7,0.8,ESE,19,18.9,>1,1,21,0,Dugan
2020,7,7/24/2020,IVWB,08:20,08:35,1.9,2.4,E ,17.1,16.6,>10,>10,27,0,Hubbard
2020,7,7/28/2020,ABB,09:00,09:20,1.6,2,ESE,18,17.8,>10,>1,28,0,Dugan
2020,7,7/28/2020,SCLB,09:50,10:12,2,2.2,S,17,16.5,>100,>1,9,0,Dugan
2020,7,7/28/2020,CSB-CCB,10:30,11:00,2.5,3,SSW,18,17.1,-99999,-99999,0,0,Dugan
2020,7,7/28/2020,CSB-CCB,10:30,11:00,2.5,3,SSW,18,17.1,-99999,-99999,1,0,Dugan
2020,7,7/29/2020,AQB,10:30,10:50,1.6,2,SE,16.8,16.8,>1,1,7,0,Hubbard
2020,8,9/3/2020,SCLB,15:35,15:58,1.3,1.7,SSW,20.2,19.8,-99999,-99999,6,-99999,Dugan 
2020,8,9/4/2020,ABB,08:25,08:45,0.7,0.9,ESE,20.5,20.1,>100,>1,52,-99999,Dugan
2020,8,9/7/2020,AQB,09:00,09:45,0.2,0.4,SW,26.4,26.4,>10,>1,0,0,Hubbard
2020,8,9/4/2020,EUCB,07:10,07:58,1,1.1,NNE,19.2,19.1,-99999,-99999,22,-99999,Dugan
2020,8,9/3/2020,CSB-CCB,16:20,16:45,1.4,1.7,SSW,20,19.9,>10,>1,2,-99999,Dugan
2020,8,9/3/2020,CSB-CCB,16:20,16:45,1.4,1.7,SSW,20,19.9,>10,>1,6,-99999,Dugan
2020,8,9/3/2020,IVWB,07:30,08:10,1.2,1.4,E,17.5,17.5,>1,>1,17,0,Hubbard
2020,9,9/28/2020,ABB,14:55,15:15,2.6,3,W,21.2,19.2,-99999,-99999,95,-99999,Dugan
2020,9,9/30/2020,EUCB,15:35,16:15,2.5,2.9,WSW,21.2,20.1,>10,>1,463,-99999,Dugan
2020,9,9/29/2020,CSB-CCB,15:10,15:36,3.1,3.3,WSW,19.9,18.4,>100,>1,1,-99999,Dugan
2020,9,9/29/2020,CSB-CCB,15:10,15:36,3.1,3.3,WSW,19.9,18.4,>100,-99999,2,-99999,Dugan
2020,9,9/29/2020,SCLB,14:30,14:49,1.6,1.8,SSW,20.4,20.1,>10,>1,12,-99999,Dugan
2020,9,9/30/2020,IVWB,14:10,14:45,1.4,1.8,SW,23.2,23.2,>100,>10,0,193,Hubbard
2020,10,10/26/2020,CSB-CCB,13:00,13:30,1.5,1.7,SSW,19.8,19.5,>10,>1,4,0,Dugan
2020,10,10/26/2020,CSB-CCB,13:00,13:30,1.5,1.7,SSW,19.8,19.5,>10,>1,1,0,Dugan
2020,10,10/27/2020,EUCB,14:00,14:35,1.8,2.3,WSW,23,22.5,>1,>1,66,0,Dugan
2020,10,10/26/2020,ABB,14:22,14:45,0.4,0.6,ESE,23.8,23.4,>100,>10,72,0,Dugan
2020,10,10/27/2020,IVWB,15:05,15:40,3.5,4.7,W,19.5,16.9,>10,>1,111,0,Dugan
2020,10,10/5/2020,AQB,15:40,16:00,4,4.8,SW,18.5,16.7,>1,>1,22,7,Hubbard
2020,10,10/26/2020,SCLB,12:15,12:38,1.7,2.4,ESE,19.1,17.8,>10,>1,9,0,Dugan
2020,11,11/1/2020,AQB,14:00,14:30,0.4,0.6,SW,23.9,23.9,>1,>1,31,0,Hubbard
2020,11,11/18/2020,IVWB,16:00,16:40,2.3,3,SW,16,15.6,>100,>10,115,0,Hubbard
2020,11,11/18/2020,EUCB,16:00,16:35,1.4,2.3,W,16.7,16.3,>1,1,738,0,Dugan
2020,11,11/19/2020,SCLB,15:20,15:40,0.9,1.1,SSE,14,13.9,-99999,-99999,49,5,Dugan
2020,11,11/19/2020,CSB-CCB,16:10,16:35,0.3,0.5,WSW,15.6,15.4,>100,>1,8,0,Dugan
2020,11,11/18/2020,ABB,15:05,15:21,1.9,2.1,W,17.1,16.8,>10,>10,80,-99999,Dugan
2020,11,11/29/2020,AQB,14:00,15:00,2.9,3.7,W,16.1,14.3,>1,0,39,0,Hubbard
2020,12,12/9/2020,CSB-CCB,12:30,13:10,0.7,0.8,W,19,18.7,>10,1,197,0,Dugan
2020,12,12/9/2020,CSB-CCB,12:30,13:10,0.7,0.8,W,19,18.7,>100,>1,52,0,Dugan
2020,12,12/10/2020,EUCB,12:50,13:30,1.9,2.8,W,17.4,17.3,>10,>1,584,330,Hubbard
2020,12,12/10/2020,IVWB,11:00,11:30,1.4,1.7,W,18.2,18.2,>100,>10,129,43,Hubbard
2020,12,12/9/2020,SCLB,11:40,12:05,1,1.1,W,17.4,17,>10,>1,159,0,Dugan
2020,12,12/23/2020,AQB,11:45,12:40,1.3,1.8,SW,16.3,16.3,>1,>1,28,0,Hubbard
2020,12,12/11/2020,ABB,12:15,12:55,2.1,2.6,WSW,15.1,12.7,-99999,-99999,662,0,Dugan
2021,1,1/8/2021,IVWB,11:50,12:20,2.5,3,SW,16.7,14.9,>100,>10,264,0,Hubbard
2021,1,1/8/2021,EUCB,13:15,13:45,1.6,2,SW,17.1,17,>10,>1,14,0,Hubbard
2021,1,1/8/2021,CSB-CCB,11:55,12:30,1.7,2.2,SSW,15.5,14.7,>100,>1,5,0,Dugan
2021,1,1/8/2021,CSB-CCB,11:55,12:30,1.7,2.2,SSW,15.5,14.7,>100,0,7,0,Dugan
2021,1,1/16/2021,AQB,16:00,17:00,2.2,3,E,20,19.4,>10,>1,3,0,Hubbard
2021,1,1/11/2021,ABB,13:45,14:20,1.8,2,W,16.2,15,>10,>10,34,0,Dugan
2021,1,1/8/2021,SCLB,11:10,23:41,1.3,1.6,SSW,16.2,15.8,>10,>1,10,0,Dugan
2021,2,2/23/2021,EUCB,15:00,15:32,1.9,2.6,WSW,21,20.4,>1,>1,31,0,Dugan
2021,2,2/25/2021,SCLB,13:45,14:15,1.1,1.3,WSW,17,16.7,>10,>1,3,0,Dugan
2021,2,2/23/2021,IVWB,13:40,14:15,2.9,3.7,WNW,18.1,15.7,>10,>1,18,0,Dugan
2021,2,2/25/2021,CSB-CCB,14:55,15:15,1.4,1.6,SSW,16.7,16.4,>10,>1,6,0,Dugan
2021,2,2/25/2021,CSB-CCB,14:55,15:15,1.4,1.6,SSW,16.7,16.4,>10,0,18,0,Dugan
2021,2,3/3/2021,ABB,08:30,08:50,2,2.6,E,12.5,11.5,>10,>1,29,0,Dugan
2021,3,3/23/2021,CSB-CCB,14:25,14:55,6.9,7.4,W,14.4,8.2,>10,-99999,12,0,Dugan
2021,3,3/23/2021,SCLB,13:40,14:10,4.3,7.1,W,16.9,13.8,>1,>1,13,0,Dugan
2021,3,3/24/2021,IVWB,13:15,13:45,3.4,4.8,W,14.7,11.2,>100,>10,22,0,Hubbard
2021,3,3/24/2021,EUCB,14:05,14:40,3.7,5.3,WSW,17.4,13.5,>1,>1,45,0,Dugan
2021,2,3/6/2021,AQB,10:20,-99999,0.9,1.4,WNW,20.7,20.7,1,1,2,0,Hubbard
2021,3,3/23/2021,CSB-CCB,14:25,14:55,6.9,7.4,W,14.4,8.2,>10,-99999,6,0,Dugan
2021,3,3/31/2021,ABB,09:10,09:25,1.8,2.1,W,15,14.4,>10,>10,24,0,Dugan
2021,3,4/2/2021,AQB,10:30,11:15,3.4,4,E,13.5,9.6,>1,1,0,0,Hubbard
2021,4,4/26/2021,SCLB,14:05,-99999,3,4.3,W,14.4,10.9,>10,>1,3,0,Dugan
2021,4,4/16/2021,IVWB,07:30,08:00,0.3,0.5,NW,15.7,15.7,>10,>1,19,0,Hubbard
2021,4,4/16/2021,ABB,09:00,09:20,0.4,0.6,SSW,16.4,16.3,>10,>10,32,-99999,Dugan
2021,4,4/26/2021,CSB-CCB,14:50,-99999,5.7,6.3,W,14.3,8.4,-99999,-99999,0,-99999,Dugan
2021,4,4/26/2021,CSB-CCB,14:50,-99999,5.7,6.3,W,14.3,8.4,-99999,-99999,-99999,-99999,Dugan
2021,4,4/16/2021,EUCB,07:50,08:23,0.2,0.5,ENE,17.4,17.4,>1,>1,48,0,Dugan
2021,4,4/24/2021,AQB,14:30,-99999,1.8,2.1,SE,14.9,14.7,>10,>1,0,0,Hubbard
2021,5,5/18/2021,IVWB,07:30,08:00,0.8,1.7,W,16.2,15.4,>1,1,40,-99999,Dugan
2021,5,5/18/2021,EUCB,08:45,09:20,1,1.5,SW,16.6,16.3,>1,0,36,-99999,Dugan
2021,5,5/17/2021,AQB,09:00,09:30,3.3,3.6,SW,15.6,12.9,0,0,10,-99999,Hubbard
2021,5,5/17/2021,ABB,08:00,08:25,0.7,1.1,WSW,15.8,15.2,>10,>1,22,-99999,Dugan
2021,5,5/19/2021,CSB-CCB,10:05,10:30,2.1,2.6,SSW,17.5,17.2,>10,1,3,-99999,Dugan
2021,5,5/19/2021,SCLB,09:10,09:30,3.2,3.7,SW,16.7,13.8,>10,>1,10,-99999,Dugan
2021,5,5/19/2021,CSB-CCB,10:05,10:30,2.1,2.6,SSW,17.5,17.2,>10,0,6,-99999,Dugan
2021,6,6/14/2021,IVWB,07:00,07:30,1.3,2.1,W,19.4,19.4,>10,>1,4,0,Hubbard
2021,6,6/14/2021,EUCB,07:40,08:10,1.5,2.2,W,19.7,18.9,>1,1,53,-99999,Dugan
2021,6,6/15/2021,ABB,07:45,08:05,0.8,0.9,WSW,18.5,18.4,>10,>1,18,-99999,Dugan
2021,6,6/16/2021,CSB-CCB,09:40,10:05,1.5,2,NNE,22.8,22.6,>10,>1,12,-99999,Dugan
2021,6,6/16/2021,CSB-CCB,09:40,10:05,1.5,2,NNE,22.8,22.6,>10,0,45,-99999,Dugan
2021,6,6/30/2021,AQB,09:55,10:30,0.6,0.9,SE,16.2,16.2,0,0,29,0,Hubbard
2021,6,6/16/2021,SCLB,08:55,09:18,1.8,1.9,WSW,19.9,19.8,>1,>1,9,-99999,Dugan
2021,7,7/14/2021,IVWB,06:35,-99999,1.8,2.1,NE,16.4,16.4,1,0,11,0,Hubbard
2021,7,7/15/2021,SCLB,08:30,09:00,1.3,2.6,E,20.5,20.5,>100,>1,4,-99999,Hubbard
2021,7,7/15/2021,CSB-CCB,09:15,-99999,0.8,1,E,21.7,21.7,>100,>1,7,0,Hubbard
2021,7,7/26/2021,ABB,08:05,08:25,0.4,0.5,ESE,17,17,>1,>1,41,0,Dugan
2021,7,7/14/2021,EUCB,07:40,08:02,0.6,0.9,ENE,20.1,20.1,>10,-99999,31,-99999,Dugan
2021,7,8/12/2021,AQB,09:00,09:40,1.2,1.7,W,20.5,20.5,>10,>10,40,-99999,Hubbard
2021,7,7/15/2021,CSB-CCB,09:15,-99999,0.8,1,E,21.7,21.7,>100,>1,0,0,Hubbard
2021,8,8/25/2021,IVWB,-99999,09:20,2.1,2.6,S,18.8,17.2,>1,1,12,0,Dugan
2021,8,8/25/2021,IVWB,-99999,09:20,0.4,0.6,E,19.1,19.1,>1,0,17,0,Hubbard
2021,8,8/26/2021,CSB-CCB,09:00,09:30,1.4,1.5,SSE,19.4,18.9,>100,>1,9,0,Dugan
2021,8,8/26/2021,CSB-CCB,09:00,09:30,1.4,1.5,SSE,19.4,18.9,>100,>1,21,0,Dugan
2021,8,8/26/2021,SCLB,07:55,08:25,1.2,1.4,SSE,18.9,18.6,>10,>1,39,0,Dugan
2021,8,9/8/2021,ABB,07:40,07:55,-99999,-99999,-99999,-99999,-99999,-99999,-99999,103,0,Dugan
2021,8,9/7/2021,AQB,15:15,15:55,2,2.5,W,21.3,20.8,>1,0,67,0,Hubbard
2021,8,8/25/2021,EUCB,08:50,09:20,2.1,2.6,S,18.8,17.2,>1,1,12,0,DUGAN
2021,9,9/20/2021,EUCB,06:40,19:05,1.3,1.6,ENE,16.2,16,>1,>1,151,0,Dugan
2021,9,9/20/2021,IVWB,06:40,19:05,0.5,0.6,NW,15.9,15.9,>1,0,16,0,Hubbard
2021,9,9/24/2021,SCLB,15:30,16:00,2,2.3,SSW,16.4,15.5,>10,>1,28,0,Dugan
2021,9,9/24/2021,CSB-CCB,16:25,16:50,2.1,2.4,SSW,16.4,15.5,>10,-99999,14,0,Dugan
2021,9,9/24/2021,CSB-CCB,16:25,16:50,2.1,2.4,SSW,16.4,15.5,>10,-99999,222,0,Dugan
2021,9,9/17/2021,ABB,14:05,14:20,0.7,0.9,SSE,21.1,20.3,>10,>10,285,0,Dugan
2021,9,10/4/2021,AQB,14:45,15:40,3.8,4.1,W,20.5,18.4,>1,0,109,0,Hubbard
2021,10,10/18/2021,EUCB,-99999,-99999,2,3.2,W,21.5,18.4,>1,1,354,0,Dugan
2021,10,10/18/2021,IVWB,-99999,-99999,9.3,13.7,SW,18.7,14.5,>100,>1,74,0,Hubbard
2021,10,10/21/2021,SCLB,14:10,14:35,2.4,2.7,W,17.7,16.1,>1,1,34,0,Dugan
2021,10,10/21/2021,CSB-CCB,15:05,15:40,2.1,2.6,W,17.4,16.3,>10,1,38,0,Dugan
2021,10,10/21/2021,CSB-CCB,15:05,15:40,2.1,2.6,W,17.4,16.3,>10,1,98,0,Dugan
2021,10,11/4/2021,ABB,15:05,15:30,2.5,3.1,E,16.5,13.8,>10,>1,308,0,Dugan
2021,10,11/5/2021,AQB,-99999,-99999,-99999,-99999,-99999,-99999,-99999,-99999,-99999,6,0,Hubbard
2021,11,11/17/2021,EUCB,-99999,-99999,0.9,1.9,W,17.6,17,>10,>1,43,0,Dugan
2021,11,11/17/2021,IVWB,-99999,-99999,2.3,2.9,W,16.1,15.2,>10,>1,34,0,Dugan
2021,11,11/5/2021,ABB,13:55,14:15,0.6,0.9,SSE,14.3,14.2,>1,1,22,0,Dugan
2021,11,12/2/2021,CSB-CCB,14:20,14:45,0.4,1.1,W,16.1,16.1,>10,>1,2,0,Hubbard
2021,11,12/2/2021,CSB-CCB,14:20,14:45,0.4,1.1,W,16.1,16.1,>10,>1,6,0,Hubbard
2021,11,12/2/2021,SCLB,13:46,14:10,0.8,1.4,W,15.5,15.5,>10,>1,4,0,Hubbard
2021,11,11/30/2021,AQB,13:55,14:15,0.6,0.9,SSE,14.3,14.2,>1,1,22,0,Dugan
2021,12,12/15/2021,IVWB,-99999,-99999,2.2,3.5,SE,12.2,12.7,0,0,173,0,Hubbard
2021,12,12/15/2021,EUCB,-99999,-99999,2.8,5,SW,14.3,14.3,>10,>1,467,24,Hubbard
2021,12,12/16/2021,CSB-CCB,12:25,12:55,7,9.3,W,13.8,9.9,-99999,-99999,8,0,Hubbard
2021,12,12/16/2021,CSB-CCB,12:25,12:55,7,9.3,W,13.8,9.9,-99999,-99999,7,0,Hubbard
2021,12,12/2/2021,ABB,12:50,13:20,2.3,2.5,WSN,14.1,12.8,>10,>1,31,0,Dugan
2021,12,12/16/2021,SCLB,13:10,13:45,8.1,10.3,W,12.9,9.6,>10,>1,5,0,Hubbard
2021,12,12/18/2021,AQB,14:00,-99999,4.1,4.5,SW,15.5,14.1,>1,0,1,0,Hubbard
2021,12,12/17/2021,ABB,13:30,14:00,1.4,1.9,SW,16.4,16.4,>100,>10,188,10,Hubbard
2021,12,12/17/2021,ABB,13:30,14:00,1.4,1.9,SW,16.4,16.4,>100,>10,188,11,Hubbard
2022,1,1/11/2022,CSB-CCB,-99999,-99999,1.3,1.5,SW,20.9,20.9,>10,>1,1,0,Hubbard
2022,1,1/14/2022,SCLB,-99999,-99999,1.3,1.8,SW,17.9,17.9,>10,>1,18,0,Hubbard
2022,1,1/18/2022,EUCB,-99999,-99999,0.3,0.4,SSW,19.1,19,-99999,-99999,89,91,Dugan
2022,1,1/18/2022,IVWB,-99999,-99999,2.8,3.4,SW,16.9,16.9,>100,>10,5,0,Hubbard
2022,1,1/13/2022,ABB,-99999,-99999,1,1.2,W,16.2,16,>10,>10,236,0,Dugan
2022,1,1/11/2022,AQB,-99999,-99999,4.5,5.7,W,16.6,14.4,1,0,0,0,Hubbard
2022,1,1/11/2022,CSB-CCB,-99999,-99999,1.3,1.5,SW,20.9,20.9,>10,>1,28,0,Hubbard
2022,2,2/10/2022,CSB-CCB,-99999,-99999,1.1,1.4,SE,22.6,22.6,0,0,0,0,Hubbard
2022,2,2/14/2022,EUCB,-99999,-99999,1.7,2.1,W,17,16.8,>1,>1,15,0,Dugan
2022,2,2/14/2022,IVWB,-99999,-99999,0.9,1.2,SE,19.5,19.5,>100,>10,0,0,Hubbard
2022,2,2/10/2022,ABB,-99999,-99999,3.5,4.2,W,21.4,20.9,>100,>10,2,0,Hubbard
2022,2,2/10/2022,SCLB,-99999,-99999,1.2,1.7,SE,23.5,23.5,>10,>10,1,0,Hubbard
2022,2,2/10/2022,AQB,-99999,-99999,0.2,0.4,W,25.8,25.8,0,0,0,0,Hubbard
2022,3,3/19/2022,AQB,-99999,-99999,9.4,14.6,W,9.9,9.6,>1,>1,0,0,Hubbard
2022,3,3/11/2022,CSB-CCB,-99999,-99999,2.9,3.3,WSW,16.1,13.6,>10,1,4,0,Dugan
2022,3,3/11/2022,CSB-CCB,-99999,-99999,2.9,3.3,WSW,16.1,13.6,>10,0,34,0,Dugan
2022,3,3/15/2022,IVWB,-99999,-99999,3.8,4.4,E,17.2,16.9,>100,>10,64,33,Hubbard
2022,3,3/11/2022,SCLB,-99999,-99999,3.6,4,WSW,15.5,12.8,>1,>1,50,0,Dugan
2022,3,3/15/2022,EUCB,-99999,-99999,2.8,3.1,ESE,16.7,14.5,>10,>1,175,0,Dugan
2022,3,3/11/2022,ABB,-99999,-99999,2.1,2.3,W,15.5,14.2,>10,>1,345,0,Dugan
2022,4,4/22/2022,EUCB,-99999,-99999,1.9,2.3,ESE,14.6,13.3,>1,1,77,0,Dugan
2022,4,4/22/2022,SCLB,-99999,-99999,7.2,8.3,W,14.8,8,>1,0,10,0,Dugan
2022,4,4/22/2022,ABB,-99999,-99999,2,3.5,W,14.4,13.4,>1,>1,22,0,Dugan
2022,4,4/24/2022,AQB,-99999,-99999,0.2,0.5,-99999,23.5,23.5,>1,0,14,0,Hubbard
2022,4,4/22/2022,CSB-CCB,-99999,-99999,6.1,7.8,W,15,8.5,>10,0,18,0,Dugan
2022,4,4/22/2022,IVWB,-99999,-99999,0.4,0.8,E,17.1,17.1,0,0,11,0,Hubbard
2022,4,4/22/2022,CSB-CCB,-99999,-99999,6.1,7.8,W,15,8.5,>10,1,10,0,Dugan
2022,5,5/13/2022,CSB-CCB,-99999,-99999,1.8,2.1,WSW,19.6,18.6,>10,>1,27,0,Dugan
2022,5,5/12/2022,EUCB,-99999,-99999,2,2.3,SSE,16.3,15.4,>1,1,155,0,Dugan
2022,5,5/12/2022,IVWB,-99999,-99999,1.1,1.3,SW,24.2,24.1,>100,>10,94,0,Hubbard
2022,5,5/13/2022,SCLB,-99999,-99999,1.9,2.3,W,20.6,19.3,>10,>1,9,0,Dugan
2022,5,5/13/2022,ABB,-99999,-99999,0.8,1,SSW,19.2,18.5,>10,>1,224,0,Dugan
2022,5,5/14/2022,AQB,-99999,-99999,0.8,1.1,E,21.8,21.8,1,1,1,0,Hubbard
2022,5,5/13/2022,CSB-CCB,-99999,-99999,1.8,2.1,WSW,19.6,18.6,>10,>1,3,0,Dugan
2022,6,6/8/2022,EUCB,-99999,-99999,1.9,2.3,WSW,18.9,17.5,>1,1,61,0,Dugan
2022,6,6/9/2022,SCLB,-99999,-99999,2.4,2.8,SSW,20.1,18.1,>10,>1,24,0,Dugan
2022,6,6/8/2022,IVWB,-99999,-99999,4.4,5.5,S,17.7,16.4,-99999,-99999,80,0,Hubbard
2022,6,6/9/2022,ABB,-99999,-99999,0.6,0.8,SSE,20,19.9,>10,>1,89,0,Dugan
2022,6,6/11/2022,AQB,-99999,-99999,4.9,5.6,SW,17.4,16.5,-99999,-99999,26,0,Hubbard
2022,7,7/22/2022,IVWB,-99999,-99999,2.5,2.8,E,18,18,>10,>1,34,0,Hubbard
2022,7,7/20/2022,SCLB,-99999,-99999,1.5,1.2,ESE,18.7,18.5,>10,>1,6,0,Dugan
2022,7,7/17/2022,AQB,-99999,-99999,2.4,2.8,S,18.5,18.5,-99999,-99999,29,0,Hubbard
2022,7,7/20/2022,ABB,-99999,-99999,1.8,2.5,ESE,18.4,17.6,>10,>10,66,4,Dugan
2022,7,8/1/2022,EUCB,-99999,-99999,6.7,8.5,S,19,16.8,>10,>1,0,0,Hubbard
2022,8,8/30/2022,SCLB,-99999,-99999,1.2,1.4,SSW,18.6,18.4,>1,>1,14,0,Dugan
2022,8,8/29/2022,EUCB,-99999,-99999,1.2,1.1,ENE,17.8,17.6,>1,1,46,0,Dugan
2022,8,8/30/2022,AQB,-99999,-99999,2,2.2,N,16.4,16.4,0,0,52,0,Hubbard
2022,8,8/30/2022,ABB,-99999,-99999,0.5,0.7,N,17.3,17.2,>10,>1,51,0,Dugan
2022,8,8/29/2022,IVWB,-99999,-99999,2.9,3.3,N,15.9,15.9,>1,0,32,0,Hubbard
2022,9,9/27/2022,ABB,-99999,-99999,1,1.3,E,22.4,22.2,>10,>10,129,0,Dugan
2022,9,9/9/2022,AQB,-99999,-99999,2.2,2.6,SW,24.6,24.6,0,0,19,0,Hubbard
2022,9,9/28/2022,EUCB,-99999,-99999,1.3,1.5,SSE,21.6,21.2,>10,>1,25,0,Dugan
2022,9,9/28/2022,IVWB,-99999,-99999,3.7,4.7,E,21,20.9,0,0,45,0,Hubbard
2022,9,10/5/2022,SCLB,-99999,-99999,2.3,2.7,WSW,19.7,18.5,>10,>1,21,0,Dugan
2022,10,10/25/2022,SCLB,-99999,-99999,1.6,2.8,E,20.6,20.6,>10,>10,3,0,Hubbard
2022,10,10/24/2022,EUCB,-99999,-99999,2.6,3.3,W,19.1,17.2,>10,>1,516,0,Dugan
2022,10,10/24/2022,IVWB,-99999,-99999,1.1,1.6,W,18.3,18.3,>100,>10,57,0,Hubbard
2022,10,10/11/2022,ABB,-99999,-99999,2.5,2.9,W,20.4,18.4,>10,>1,122,0,Dugan
2022,10,10/12/2022,AQB,-99999,-99999,4.4,7.3,NW,21.2,20.8,>10,1,17,0,Hubbard
2022,11,11/18/2022,ABB,-99999,-99999,1.2,1.5,ESE,16.9,16.6,>10,0,313,-99999,Dugan
2022,11,11/22/2022,SCLB,-99999,-99999,1.2,1.3,W,16.9,16.9,>10,>1,4,0,Hubbard
2022,11,11/21/2022,EUCB,-99999,-99999,1.3,1.9,SW,19.4,19.4,>10,>1,98,51,Hubbard
2022,11,11/19/2022,AQB,-99999,-99999,5.9,6.4,SW,16.4,14.6,>1,0,47,0,Hubbard
2022,11,11/21/2022,IVWB,-99999,-99999,2.3,3.2,W,17.4,16.5,>10,>10,26,33,Hubbard
2022,12,12/7/2022,SCLB,-99999,-99999,2.5,2.9,WEST,14.8,13,>10,>1,7,0,Dugan
2022,12,12/19/2022,EUCB,-99999,-99999,0.8,1,SW,19.4,19.4,>10,>10,319,42,Hubbard
2022,12,12/19/2022,IVWB,-99999,-99999,1.2,1.7,SW,21.2,21.2,>10,>1,133,12,Hubbard
2022,12,12/7/2022,ABB,-99999,-99999,2.6,2.9,WEST,14.8,13.3,>10,>1,46,0,Dugan
2022,12,12/17/2022,AQB,-99999,-99999,1,1.2,NORTHWEST,14.8,14.8,0,0,29,0,Hubbard
2008,11,10/29/2008,SCLB,14:50,15:10,1,-99999,Onshore,75,-99999,>100,>1,0,0,Dugan
2008,11,10/30/2008,IVWB,15:30,15:50,11,-99999,SSE,63,-99999,>10,>1,-99999,0,Dugan
2008,11,10/31/2008,EUCB,14:45,15:15,1,-99999,-99999,-99999,-99999,0,>1,-99999,0,Dugan
2008,11,11/3/2008,ABB,14:35,14:50,12,-99999,NW,-99999,-99999,>10,>1,-99999,0,Dugan
2008,12,12/8/2008,ABB,11:25,-99999,-99999,-99999,-99999,-99999,-99999,0,0,-99999,0,Dugan
2008,12,12/8/2008,SCLB,10:15,-99999,1,2,-99999,-99999,-99999,>1,>1,-99999,0,Dugan
2008,12,12/9/2008,EUCB,12:40,13:05,1,5,SE,-99999,-99999,>10,>1,-99999,0,Dugan
2008,12,12/10/2008,IVWB,11:00,11:40,3.5,5,NW,70,-99999,>10,>1,-99999,0,Dugan
2008,12,12/10/2008,IVWB,11:00,11:40,3.5,5,NW,70,-99999,>10,>1,0,0,Dugan
2009,1,1/8/2009,EUCB,14:30,15:10,3,-99999,-99999,62,-99999,>10,>1,0,0,Dugan
2009,1,1/9/2009,ABB,14:30,15:05,1,-99999,-99999,70,-99999,>10,>1,-99999,0,Dugan
2009,1,1/9/2009,SCLB,13:05,13:25,1,-99999,-99999,-99999,-99999,>1,1,-99999,0,Dugan
2009,1,1/12/2009,AQB,15:20,15:50,3,4,NW,-99999,-99999,1,>1,-99999,10,Dugan
2009,1,1/12/2009,AQB,15:20,15:50,3,4,NW,-99999,-99999,1,>1,0,10,Dugan
2009,1,1/12/2009,IVWB,13:05,13:40,2,-99999,W,75,-99999,>10,0,0,0,Dugan
2009,2,2/3/2009,ABB,11:20,11:50,1,-99999,-99999,75,-99999,0,0,0,0,Dugan
2009,2,2/3/2009,SCLB,10:00,10:30,1,1,SE,70,-99999,>10,1,9,2,Dugan
2009,2,2/4/2009,EUCB,14:05,14:35,3,5,SE,66,-99999,>10,1,0,0,Dugan
2009,2,2/4/2009,IVWB,10:40,11:30,1.5,2,SE,66,-99999,>10,1,0,0,Dugan
2009,2,2/11/2009,AQB,15:05,15:45,1,-99999,-99999,-99999,-99999,>1,0,70,3,Dugan
2009,3,3/18/2009,ABB,10:20,10:45,5,-99999,SE,-99999,-99999,>100,>10,10,10,Dugan
2009,3,3/18/2009,SCLB,09:00,09:30,1,-99999,WSW,-99999,-99999,>10,>1,0,0,Dugan
2009,3,3/19/2009,EUCB,12:55,13:20,5,-99999,SSE,56,-99999,>1,>1,0,0,Dugan
2009,3,3/19/2009,IVWB,10:45,11:10,6,-99999,SE,55,-99999,>10,>1,0,0,Dugan
2009,3,3/20/2009,AQB,13:40,14:15,1,-99999,SW,-99999,-99999,>1,>1,2,11,Dugan
2009,4,4/8/2009,EUCB,14:10,15:20,8,15,WSW,60,-99999,>1,>1,-99999,0,Dugan
2009,4,4/10/2009,ABB,14:40,15:10,15,18,WSW,-99999,-99999,>10,>10,51,55,Dugan
2009,4,4/14/2009,AQB,08:20,08:45,13.5,25,NNW,55,-99999,0,0,10,2,Dugan
2009,4,4/14/2009,AQB,08:20,08:45,13.5,25,NNW,55,-99999,0,0,51,55,Dugan
2009,4,4/16/2009,SCLB,09:40,10:10,7.5,10,SW,65,-99999,>1,>1,27,27,Dugan
2009,4,4/19/2009,IVWB,16:40,17:05,15,20,NW,55,-99999,>10,>10,-99999,0,Dugan
2009,5,5/26/2009,AQB,15:50,16:15,7,8,NW,65,-99999,>1,>1,3,5,Dugan
2009,5,5/28/2009,ABB,10:08,10:30,1,5,-99999,-99999,-99999,>10,>100,23,5,Dugan
2009,5,5/28/2009,SCLB,08:40,09:10,-99999,-99999,-99999,-99999,-99999,>1,>1,1,1,Dugan
2009,5,5/29/2009,EUCB,09:50,10:15,1,1,NW,66,-99999,>1,>1,5,4,Dugan
2009,5,5/29/2009,IVWB,10:50,11:20,1,1,SE,65,-99999,>100,>1,11,1,Dugan
2009,6,6/26/2009,EUCB,17:15,17:40,5.5,8,SW,70,-99999,>100,>1,12,5,Dugan
2009,6,6/29/2009,ABB,10:25,-99999,1,-99999,SW,65,-99999,>100,>10,32,7,Dugan
2009,6,6/29/2009,SCLB,11:50,12:25,3.5,-99999,SW,-99999,-99999,>10,>10,11,3,Dugan
2009,6,6/30/2009,AQB,11:15,11:35,4.5,6,NW,-99999,-99999,0,1,15,11,Dugan
2009,6,6/30/2009,IVWB,09:40,10:00,6.5,8,NW,62,-99999,>10,>1,38,28,Dugan
2009,7,7/28/2009,ABB,10:00,10:20,-99999,-99999,-99999,-99999,-99999,0,0,23,23,Dugan
2009,7,7/28/2009,SCLB,08:50,09:15,1,2,NW,65,-99999,>100,>1,10,4,Dugan
2009,7,7/29/2009,EUCB,08:30,08:50,1,-99999,-99999,62,-99999,>10,>1,11,10,Dugan
2009,7,7/30/2009,AQB,10:00,10:25,2,2,NW,-99999,-99999,0,0,7,8,Dugan
2009,7,7/30/2009,IVWB,08:20,08:50,5,-99999,NW,63,-99999,>1,1,18,11,Dugan
2009,8,8/25/2009,ABB,09:20,09:45,1,1,SE,70,-99999,>10,>10,7,21,Dugan
2009,8,8/25/2009,SCLB,10:30,-99999,2,3,SSE,75,-99999,>10,>1,0,9,Dugan
2009,8,8/27/2009,AQB,10:15,10:45,1,1,-99999,75,-99999,>1,0,4,36,Dugan
2009,8,8/28/2009,EUCB,09:35,10:10,-99999,-99999,-99999,-99999,-99999,>10,>1,19,13,Dugan
2009,8,8/28/2009,IVWB,07:45,08:15,1,-99999,SE,70,-99999,0,0,13,9,Dugan
2009,9,9/28/2009,ABB,13:15,13:35,-99999,-99999,-99999,-99999,-99999,0,0,26,25,Dugan
2009,9,9/28/2009,SCLB,14:25,14:45,5.5,6,NW,70,-99999,>10,>1,23,3,Dugan
2009,9,9/29/2009,AQB,14:40,15:15,-99999,5,WNW,70,-99999,>1,0,57,21,Dugan
2009,9,9/30/2009,EUCB,14:10,14:30,2.5,4,SW,73,-99999,>10,>1,19,67,Dugan
2009,9,9/30/2009,IVWB,16:00,-99999,-99999,-99999,-99999,-99999,-99999,>10,>1,44,9,Dugan
2009,10,10/12/2009,ABB,13:30,13:45,6.5,8,SE,63,-99999,>10,0,44,15,Dugan
2009,10,10/12/2009,EUCB,12:00,-99999,6.5,8,SW,63,-99999,>10,>1,58,60,Dugan
2009,10,10/12/2009,SCLB,14:35,15:00,5.5,6,SE,65,-99999,>10,>1,23,3,Dugan
2009,10,10/14/2009,AQB,15:30,16:15,5,-99999,E,60,-99999,0,0,331,2,Hubbard
2009,10,10/14/2009,IVWB,12:00,12:45,5,-99999,SW,60,-99999,>10,0,587,21,Hubbard
2009,11,11/11/2009,AQB,12:35,13:15,1,2,S,70,-99999,1,1,161,5,Dugan
2009,11,11/11/2009,EUCB,11:00,-99999,1,2,S,-99999,-99999,>10,>1,24,17,Dugan
2009,11,11/12/2009,ABB,12:40,13:15,1.5,-99999,S,-99999,-99999,0,0,85,23,Dugan
2009,11,11/12/2009,SCLB,11:35,-99999,-99999,-99999,-99999,-99999,-99999,>1,>1,57,6,Dugan
2009,11,11/13/2009,IVWB,12:30,13:10,15,-99999,W,60,-99999,>10,>10,43,6,Hubbard
2009,12,12/14/2009,IVWB,12:10,12:50,5,-99999,E,60,-99999,>10,>10,94,8,Hubbard
2009,12,12/15/2009,ABB,14:25,-99999,3,4,SSW,63,-99999,>1,>1,104,0,Dugan
2009,12,12/15/2009,SCLB,13:20,14:00,1,-99999,-99999,60,-99999,>1,>1,97,0,Dugan
2009,12,12/16/2009,AQB,14:12,14:45,3.5,5,N,-99999,-99999,0,0,84,0,Dugan
2009,12,12/16/2009,EUCB,15:45,16:25,1,-99999,-99999,65,-99999,>1,>1,320,90,Dugan
2010,1,1/11/2010,ABB,15:04,-99999,1,-99999,-99999,-99999,-99999,>1,>1,78,0,Dugan
2010,1,1/11/2010,SCLB,14:00,14:20,1,3,-99999,-99999,-99999,>1,>1,39,4,Dugan
2010,1,1/12/2010,EUCB,14:10,14:40,1,-99999,-99999,-99999,-99999,>1,0,40,49,Dugan
2010,1,1/13/2010,IVWB,14:30,15:10,15,25,NW,65,-99999,>1,>1,119,0,Dugan
2010,1,1/14/2010,AQB,15:45,16:15,-99999,-99999,SW,65,-99999,>1,0,18,2,Hubbard
2010,2,2/8/2010,EUCB,12:55,13:15,2.5,3,NW,65,-99999,>1,0,14,0,Dugan
2010,2,2/8/2010,IVWB,11:45,12:30,0,0,-99999,60,-99999,>10,>10,43,0,Hubbard
2010,2,2/11/2010,ABB,15:15,15:40,3.5,4,NW,63,-99999,>10,>1,1,1,Dugan
2010,2,2/11/2010,SCLB,14:10,14:35,2.5,3,SSW,65,-99999,>1,>1,6,0,Dugan
2010,2,2/12/2010,AQB,-99999,-99999,5,-99999,W,60,-99999,0,1,3,0,Hubbard
2010,3,3/9/2010,EUCB,12:30,13:00,20,-99999,NW,60,-99999,>10,>1,8,5,Hubbard
2010,3,3/9/2010,IVWB,10:45,11:30,25,-99999,NW,55,-99999,>10,1,13,5,Hubbard
2010,3,3/10/2010,ABB,13:30,14:00,25,-99999,NW,60,-99999,>10,>10,5,0,Hubbard
2010,3,3/10/2010,SCLB,14:45,15:15,20,-99999,W,60,-99999,>10,>1,17,0,Hubbard
2010,3,3/11/2010,AQB,16:00,16:30,5,-99999,W,65,-99999,>1,0,0,0,Hubbard
2010,4,4/9/2010,EUCB,13:30,14:00,5,-99999,SS,60,-99999,>10,>1,29,2,Hubbard
2010,4,4/9/2010,IVWB,15:30,16:15,10,-99999,W,60,-99999,>10,>1,20,2,Hubbard
2010,4,4/12/2010,ABB,15:40,16:00,12,15,NW,-99999,-99999,>10,>1,17,6,Dugan
2010,4,4/12/2010,SCLB,14:40,15:00,1,8,SW,60,-99999,>10,>1,2,1,Dugan
2010,4,4/13/2010,AQB,-99999,-99999,5,5,W,60,-99999,0,0,7,1,Hubbard
2010,5,5/10/2010,ABB,14:30,-99999,15,-99999,SW,55,-99999,>10,>10,10,9,Hubbard
2010,5,5/10/2010,SCLB,13:30,13:59,5,-99999,SE,55,-99999,>10,>1,12,0,Hubbard
2010,5,5/11/2010,EUCB,13:50,14:20,15,20,WNW,65,-99999,0,0,86,15,Dugan
2010,5,5/11/2010,IVWB,14:00,14:30,25,-99999,W,55,-99999,>10,>1,14,5,Hubbard
2010,5,5/12/2010,AQB,15:02,15:40,20,-99999,W,55,-99999,1,0,6,1,Hubbard
2010,6,6/28/2010,AQB,07:28,-99999,5,-99999,S,60,-99999,0,0,7,0,Hubbard
2010,6,6/30/2010,EUCB,07:50,08:20,1.5,-99999,SW,60,-99999,-99999,-99999,46,3,Dugan
2010,6,6/30/2010,IVWB,18:20,-99999,0,-99999,-99999,60,-99999,>1,-99999,7,1,Hubbard
2010,6,7/1/2010,ABB,-99999,-99999,5,-99999,S,60,-99999,>10,>10,10,5,Hubbard
2010,6,7/1/2010,SCLB,09:00,09:30,10,-99999,SE,65,-99999,>10,>1,1,0,Hubbard
2010,7,7/28/2010,IVWB,18:30,19:10,5,-99999,W,60,-99999,>1,0,1,1,Hubbard
2010,7,7/29/2010,AQB,07:15,08:00,5,-99999,N,55,-99999,0,0,0,2,Hubbard
2010,7,7/29/2010,EUCB,07:40,-99999,-99999,-99999,-99999,-99999,-99999,0,0,2,8,Dugan
2010,7,7/30/2010,ABB,07:05,07:50,4,-99999,N,60,-99999,>10,>10,0,0,Hubbard
2010,7,7/30/2010,SCLB,07:30,-99999,1,-99999,SW,-99999,-99999,>1,>1,0,0,Dugan
2010,8,8/24/2010,ABB,15:30,16:00,5,-99999,W,65,-99999,>100,>10,34,7,Hubbard
2010,8,8/24/2010,SCLB,14:30,15:00,5,-99999,SW,75,-99999,>100,>10,5,0,Hubbard
2010,8,8/25/2010,EUCB,16:30,17:15,5.5,8,NW,-99999,-99999,0,0,51,8,Dugan
2010,8,8/25/2010,IVWB,15:20,15:55,5,-99999,SW,65,-99999,>10,>1,53,9,Hubbard
2010,8,8/27/2010,AQB,17:30,19:00,0,-99999,-99999,65,-99999,0,0,36,13,Hubbard
2010,9,9/20/2010,AQB,15:30,16:00,0,-99999,-99999,65,-99999,0,>1,46,15,Hubbard
2010,9,9/20/2010,EUCB,14:00,14:40,1,-99999,-99999,65,-99999,>10,>1,62,46,Dugan
2010,9,9/20/2010,IVWB,13:45,14:15,5,-99999,E,65,-99999,>10,>1,20,17,Hubbard
2010,9,9/21/2010,ABB,14:05,14:35,5,10,NW,60,-99999,>10,>1,42,20,Dugan
2010,9,9/21/2010,SCLB,15:00,15:25,4.5,8,NW,60,-99999,>10,>1,29,9,Dugan
2010,10,10/17/2010,AQB,-99999,-99999,5,-99999,SW,60,-99999,>1,0,94,1,Hubbard
2010,10,10/18/2010,ABB,14:25,14:48,-99999,-99999,-99999,-99999,-99999,0,0,99,22,Dugan
2010,10,10/18/2010,SCLB,13:20,-99999,-99999,-99999,-99999,-99999,-99999,0,0,31,8,Dugan
2010,10,10/20/2010,EUCB,14:15,14:45,1.5,-99999,SE,60,-99999,>10,>1,106,38,Dugan
2010,10,10/20/2010,IVWB,16:05,-99999,1.5,-99999,SE,60,-99999,>10,>1,113,49,Dugan
2010,11,11/17/2010,ABB,14:00,-99999,1,-99999,-99999,-99999,-99999,>10,>10,155,39,Dugan
2010,11,11/17/2010,SCLB,12:55,13:20,-99999,-99999,-99999,-99999,-99999,0,0,48,4,Dugan
2010,11,11/18/2010,EUCB,13:30,14:15,9,-99999,NW,-99999,-99999,>10,0,81,164,Dugan
2010,11,11/18/2010,IVWB,15:00,15:30,5,-99999,W,60,-99999,>10,>1,38,63,Hubbard
2010,11,11/19/2010,AQB,14:00,-99999,15,-99999,E,55,-99999,0,0,58,116,Hubbard
2010,12,12/15/2010,ABB,13:15,-99999,1,-99999,-99999,60,-99999,0,0,505,73,Dugan
2010,12,12/15/2010,SCLB,12:15,-99999,1,-99999,-99999,60,-99999,>100,>1,37,5,Dugan
2010,12,12/16/2010,AQB,13:15,14:00,-99999,-99999,-99999,60,-99999,0,0,215,67,Hubbard
2010,12,12/16/2010,EUCB,14:10,14:50,-99999,-99999,-99999,-99999,-99999,>10,>1,283,117,Dugan
2010,12,12/16/2010,IVWB,14:00,12:30,5,-99999,SE,55,-99999,>10,>1,642,142,Hubbard
2011,1,1/12/2011,EUCB,10:25,11:05,-99999,-99999,-99999,65,-99999,>10,>1,8,3,Dugan
2011,1,1/13/2011,ABB,12:15,12:45,5.5,8,NW,65,-99999,>10,>10,4,0,Dugan
2011,1,1/13/2011,SCLB,11:15,11:45,1,-99999,-99999,65,-99999,>10,>1,9,1,Dugan
2011,1,1/14/2011,AQB,13:00,-99999,0,0,-99999,70,-99999,>1,>1,0,0,Hubbard
2011,1,1/14/2011,IVWB,11:00,11:45,0,0,-99999,65,-99999,>10,>10,2,7,Hubbard
2011,2,2/23/2011,AQB,09:15,09:45,15,-99999,NW,45,-99999,>1,0,206,6,Hubbard
2011,2,2/23/2011,EUCB,08:15,09:10,1,-99999,-99999,60,-99999,0,0,181,11,Dugan
2011,2,2/23/2011,IVWB,07:45,08:30,0,-99999,-99999,50,-99999,>10,>1,282,2,Hubbard
2011,2,2/24/2011,SCLB,09:50,10:25,2.5,-99999,S,60,-99999,>10,>1,102,0,Dugan
2011,2,2/25/2011,ABB,10:30,10:55,1,3,SE,58,-99999,0,0,215,32,Dugan
2011,3,3/28/2011,EUCB,13:20,-99999,5,-99999,S,60,-99999,0,0,186,5,Dugan
2011,3,3/28/2011,IVWB,13:15,13:50,10,-99999,W,60,-99999,>10,>10,31,69,Hubbard
2011,3,3/29/2011,ABB,14:02,14:50,10,-99999,SW,55,-99999,>100,>10,67,75,Hubbard
2011,3,3/29/2011,SCLB,-99999,13:40,10,-99999,SW,55,-99999,>10,>1,34,14,Hubbard
2011,3,3/30/2011,AQB,14:30,15:15,5,-99999,W,65,-99999,0,0,19,47,Hubbard
2011,4,4/5/2011,SCLB,13:00,13:30,5,-99999,W,70,-99999,>10,>10,8,1,Hubbard
2011,4,4/25/2011,EUCB,12:00,12:30,5,-99999,E,60,-99999,>10,>1,3,2,Hubbard
2011,4,4/25/2011,IVWB,10:00,10:45,10,-99999,NW,60,-99999,>10,>1,36,5,Hubbard
2011,4,4/27/2011,ABB,14:00,14:30,10,-99999,W,65,-99999,>10,>10,84,6,Hubbard
2011,4,4/29/2011,AQB,14:00,14:30,15,-99999,W,60,-99999,1,0,12,7,Hubbard
2011,5,5/23/2011,IVWB,09:30,10:00,5,-99999,W,55,-99999,>10,>1,131,10,Hubbard
2011,5,5/24/2011,EUCB,10:15,10:45,5,-99999,S,-99999,-99999,>10,>1,111,85,Hubbard
2011,5,5/27/2011,ABB,13:00,13:30,10,-99999,E,60,-99999,>10,>10,85,3,Hubbard
2011,5,5/27/2011,SCLB,12:10,12:35,5,-99999,S,60,-99999,>10,>10,20,28,Hubbard
2011,5,5/30/2011,AQB,14:30,15:00,5,-99999,SE,60,-99999,>1,0,8,3,Hubbard
2011,6,6/20/2011,AQB,-99999,-99999,5,-99999,E,55,-99999,1,1,2,133,Hubbard
2011,6,6/20/2011,EUCB,08:45,09:20,1.5,-99999,SE,60,-99999,>10,>1,21,94,Dugan
2011,6,6/21/2011,IVWB,07:15,-99999,5,-99999,E,55,-99999,>1,0,6,112,Hubbard
2011,6,6/22/2011,ABB,07:55,08:30,5,-99999,E,55,-99999,>100,>10,2,2,Hubbard
2011,6,6/22/2011,SCLB,09:15,09:45,-99999,-99999,-99999,55,-99999,>10,>1,0,6,Hubbard
2011,6,6/23/2011,CSB-CCB,-99999,-99999,5,-99999,S,55,-99999,>10,0,4,5,Hubbard
2011,6,6/23/2011,CSB-CCB,07:15,13:00,5,-99999,S,55,-99999,>10,0,2,0,Hubbard
2011,7,7/20/2011,CSB-CCB,09:35,10:15,2.5,4,SW,65,-99999,>10,1,63,27,Dugan
2011,7,7/20/2011,EUCB,09:00,09:30,10,-99999,E,60,-99999,>10,>1,6,3,Hubbard
2011,7,7/20/2011,IVWB,07:00,07:30,10,-99999,E,60,-99999,>1,>1,3,0,Hubbard
2011,7,7/20/2011,SCLB,07:50,08:25,2.5,3,SE,68,-99999,>1,>1,3,5,Dugan
2011,7,7/21/2011,ABB,19:30,20:00,5,-99999,S,60,-99999,>10,>10,2,2,Hubbard
2011,7,7/22/2011,AQB,08:30,11:00,5,-99999,SW,60,-99999,>1,>1,5,4,Hubbard
2011,8,8/15/2011,CSB-CCB,16:45,17:05,5,-99999,SW,65,-99999,>10,>10,0,0,Hubbard
2011,8,8/15/2011,CSB-CCB,17:10,17:30,5,-99999,SW,65,-99999,>10,>10,3,0,Hubbard
2011,8,8/15/2011,SCLB,15:45,16:15,5,-99999,SW,65,-99999,>10,>1,2,1,Hubbard
2011,8,8/16/2011,ABB,16:15,16:45,2.5,-99999,SW,70,-99999,>100,>100,10,8,Dugan
2011,8,8/16/2011,EUCB,18:00,18:30,-99999,-99999,-99999,-99999,-99999,0,0,0,7,Hubbard
2011,8,8/16/2011,IVWB,15:45,16:15,5,-99999,SW,70,-99999,>10,>10,12,3,Hubbard
2011,8,8/17/2011,AQB,16:30,17:00,5,-99999,E,65,-99999,1,1,20,16,Hubbard
2011,9,9/12/2011,CSB-CCB,16:45,17:10,1.5,2,SSW,72,-99999,>10,0,27,6,Dugan
2011,9,9/12/2011,EUCB,16:20,16:45,0,0,-99999,65,-99999,>10,>1,33,196,Hubbard
2011,9,9/12/2011,IVWB,15:45,16:10,5,-99999,W,65,-99999,>10,>10,62,48,Hubbard
2011,9,9/12/2011,SCLB,15:30,-99999,1.5,2,SSW,72,-99999,>100,>1,9,0,Dugan
2011,9,9/13/2011,ABB,16:10,16:30,2.5,4,NW,-99999,-99999,0,0,56,34,Dugan
2011,9,9/13/2011,AQB,16:50,-99999,5,-99999,E,65,-99999,0,0,334,32,Hubbard
2011,10,10/7/2011,ABB,13:40,14:00,5,8,NW,70,-99999,>10,>1,118,30,Dugan
2011,10,10/7/2011,CSB-CCB,14:15,14:45,5,-99999,SW,65,-99999,>100,>10,4,12,Hubbard
2011,10,10/7/2011,CSB-CCB,14:15,14:45,5,-99999,SW,65,-99999,>100,>10,5,22,Hubbard
2011,10,10/7/2011,SCLB,-99999,-99999,-99999,-99999,-99999,-99999,-99999,0,0,5,1,Hubbard
2011,10,10/10/2011,AQB,15:00,-99999,5,-99999,SE,65,-99999,1,0,140,58,Hubbard
2011,11,10/11/2011,CSB-CCB,15:25,-99999,5.5,8,SE,60,-99999,>10,0,2,8,Dugan
2011,10,10/11/2011,EUCB,16:00,16:40,2.5,3,S,75,-99999,0,0,177,120,Dugan
2011,10,10/11/2011,IVWB,15:15,15:30,5,-99999,SW,70,-99999,>10,>1,190,120,Hubbard
2011,11,11/10/2011,CSB-CCB,15:25,-99999,5.5,8,SE,60,-99999,>10,0,11,14,Dugan
2011,11,11/10/2011,EUCB,16:00,16:30,0,-99999,-99999,60,-99999,>10,>1,224,158,Hubbard
2011,11,11/10/2011,IVWB,14:00,14:45,0,-99999,-99999,60,-99999,>10,>10,114,42,Hubbard
2011,11,11/10/2011,SCLB,14:30,15:00,4,6,SE,63,-99999,>10,>1,10,6,Dugan
2011,11,11/11/2011,ABB,15:20,15:55,5.5,8.9,SE,60,-99999,>10,>1,45,34,Dugan
2011,11,11/13/2011,AQB,-99999,-99999,5,-99999,E,60,-99999,0,0,132,38,Hubbard
2011,12,12/5/2011,ABB,13:35,14:10,-99999,-99999,-99999,21.1,-99999,0,0,13,24,Dugan
2011,12,12/5/2011,CSB-CCB,11:50,12:20,-99999,-99999,-99999,-99999,-99999,>10,>1,2,1,Dugan
2011,12,12/5/2011,CSB-CCB,11:50,12:20,-99999,-99999,-99999,-99999,-99999,>10,>1,15,13,Dugan
2011,12,12/5/2011,SCLB,12:35,13:00,6.17,-99999,NW,15.6,-99999,>1,>1,5,1,Dugan
2011,12,12/6/2011,EUCB,13:00,13:35,-99999,-99999,-99999,18.3,-99999,>1,0,70,32,Dugan
2011,12,12/6/2011,IVWB,14:30,15:00,-99999,-99999,NW,17.2,-99999,0,0,43,40,Dugan
2011,12,12/9/2011,AQB,15:30,16:00,-99999,-99999,-99999,15.6,-99999,>1,0,5,6,Dugan
2012,1,1/4/2012,ABB,14:05,14:30,7,8,NW,65,-99999,>100,>100,108,8,Dugan
2012,1,1/4/2012,CSB-CCB,12:10,-99999,7,10,NW,68,-99999,>10,>1,38,18,Dugan
2012,1,1/4/2012,CSB-CCB,12:10,-99999,7,10,NW,68,-99999,>10,>1,130,28,Dugan
2012,1,1/4/2012,SCLB,13:00,13:35,8,10,NW,65,-99999,>10,>1,23,1,Dugan
2012,1,1/10/2012,EUCB,15:00,15:40,2.3,3.6,S,13.5,-99999,>10,>1,266,1,Dugan
2012,1,1/10/2012,IVWB,15:00,-99999,10,-99999,W,55,-99999,>10,>1,224,292,Hubbard
2012,1,1/11/2012,AQB,16:10,-99999,5,-99999,E,-99999,-99999,>1,0,8,142,Dugan
2012,2,2/3/2012,EUCB,11:45,12:15,-99999,-99999,NNW,-99999,-99999,0,0,9,10,Dugan
2012,2,2/3/2012,IVWB,12:30,13:15,0,-99999,-99999,60,-99999,>100,>10,3,0,Hubbard
2012,2,2/6/2012,ABB,15:30,16:00,1.6,2.1,-99999,16.1,-99999,>10,>10,41,0,Hubbard
2012,2,2/6/2012,CSB-CCB,-99999,-99999,2.4,3.1,E,16.8,-99999,>10,0,12,0,Hubbard
2012,2,2/6/2012,CSB-CCB,-99999,-99999,2.4,3.1,E,16.8,-99999,>10,0,137,4,Hubbard
2012,2,2/6/2012,SCLB,-99999,-99999,1.2,1.6,E,16.3,-99999,>10,>10,9,1,Hubbard
2012,2,2/9/2012,AQB,16:30,17:00,0.7,1.3,W,21.4,-99999,0,0,2,0,Hubbard
2012,3,3/5/2012,ABB,15:15,15:40,2.6,2.1,NW,14.8,-99999,>10,>10,40,32,Dugan
2012,3,3/5/2012,AQB,13:00,-99999,-99999,-99999,-99999,-99999,-99999,0,0,0,2,Hubbard
2012,3,3/5/2012,CSB-CCB,13:30,14:30,2.7,3,SW,15.3,-99999,>100,>1,25,2,Dugan
2012,3,3/5/2012,CSB-CCB,13:30,14:30,2.7,3,SW,15.3,-99999,>100,>1,29,41,Dugan
2012,3,3/5/2012,SCLB,12:10,12:50,1.3,1.4,SW,16.2,-99999,>100,>10,20,7,Dugan
2012,3,3/8/2012,EUCB,13:30,14:05,0.7,1.3,S,22,-99999,>10,>10,2,0,Hubbard
2012,3,3/8/2012,IVWB,14:30,15:05,3.4,4.1,W,14.8,-99999,>10,>1,1,0,Hubbard
2012,4,4/3/2012,IVWB,11:00,12:00,0,0,SW,60,-99999,0,0,43,47,Hubbard
2012,4,4/4/2012,CSB-CCB,15:00,15:45,1.3,1.5,SE,17.3,-99999,>100,0,1,0,Hubbard
2012,4,4/4/2012,CSB-CCB,15:00,15:45,1.3,1.5,SE,17.3,-99999,>100,0,137,22,Hubbard
2012,4,4/4/2012,SCLB,14:00,14:45,0.7,1.1,SE,20.8,-99999,>100,>1,243,12,Hubbard
2012,4,4/5/2012,ABB,13:30,-99999,5.2,6.7,W,19.6,-99999,>10,>10,218,256,Hubbard
2012,4,4/5/2012,EUCB,-99999,-99999,2.6,4.3,W,20.8,-99999,>10,>10,15,44,Hubbard
2012,4,4/6/2012,AQB,16:00,16:25,2.4,3.3,NW,14,-99999,>1,0,35,65,Dugan
2012,5,4/30/2012,CSB-CCB,12:50,13:20,3.1,3.3,NW,15.2,-99999,>10,>1,7,1,Dugan
2012,5,4/30/2012,CSB-CCB,12:50,13:20,3.1,3.3,NW,15.2,-99999,>10,>1,17,6,Dugan
2012,5,4/30/2012,EUCB,10:40,11:03,2.9,3.5,NW,14.8,-99999,>1,1,31,7,Dugan
2012,5,4/30/2012,IVWB,12:15,13:00,2.1,2.5,SW,14.8,-99999,>10,>1,40,0,Hubbard
2012,5,4/30/2012,SCLB,12:00,12:25,2.7,3,NW,15,-99999,>100,>1,10,3,Dugan
2012,5,5/1/2012,ABB,10:42,-99999,2.5,2.8,WNW,13.9,-99999,>100,>10,28,3,Dugan
2012,5,5/1/2012,AQB,13:15,-99999,2,2.2,W,15.5,-99999,0,0,20,0,Dugan
2012,6,5/25/2012,AQB,12:00,12:45,0.8,1.1,SE,15.2,-99999,>1,>1,0,0,Hubbard
2012,6,6/1/2012,EUCB,14:00,14:30,2.7,3.3,NW,16,-99999,>10,>1,76,105,Dugan
2012,6,6/7/2012,CSB-CCB,08:30,09:10,2,2.5,E,15.9,-99999,>10,>1,12,0,Hubbard
2012,6,6/7/2012,CSB-CCB,08:30,09:10,2,2.5,E,15.9,-99999,>10,>1,17,4,Hubbard
2012,6,6/7/2012,SCLB,18:30,19:25,-99999,-99999,E,-99999,-99999,>10,>1,5,5,Hubbard
2012,6,6/8/2012,ABB,09:00,-99999,1.9,1.3,-99999,17.3,-99999,0,0,58,1,Hubbard
2012,6,6/8/2012,IVWB,18:30,19:30,0.3,0.4,S,17.7,-99999,>1,0,55,1,Hubbard
2012,7,7/23/2012,EUCB,08:30,09:25,0,0,-99999,15,-99999,>10,>1,5,0,Hubbard
2012,7,7/23/2012,IVWB,06:50,-99999,0,0,-99999,15,-99999,>1,0,11,1,Hubbard
2012,7,7/24/2012,ABB,06:45,07:15,-99999,-99999,SE,15.6,-99999,>10,>10,18,5,Dugan
2012,7,7/24/2012,AQB,07:30,08:15,5,-99999,SW,15,-99999,0,0,2,0,Hubbard
2012,7,7/24/2012,CSB-CCB,09:10,09:44,-99999,-99999,-99999,-99999,-99999,>10,>1,5,0,Dugan
2012,7,7/24/2012,CSB-CCB,09:10,09:44,-99999,-99999,-99999,-99999,-99999,>10,>1,20,16,Dugan
2012,7,7/24/2012,SCLB,08:00,08:40,-99999,-99999,SE,15.6,-99999,>10,>1,12,1,Dugan
2012,8,8/15/2012,AQB,14:45,-99999,0.5,0.9,W,22.1,-99999,>1,0,20,6,Hubbard
2012,8,8/20/2012,IVWB,18:30,-99999,0.3,0.4,W,21.3,-99999,>1,0,11,14,Hubbard
2012,8,8/21/2012,EUCB,07:30,08:15,1,2,SE,19.6,-99999,0,0,19,4,Hubbard
2012,8,8/22/2012,ABB,06:45,07:15,0.6,0.8,SW,18.5,-99999,>10,>10,15,10,Hubbard
2012,8,8/22/2012,CSB-CCB,08:50,09:20,2,2.2,SW,18.5,-99999,>10,>1,2,0,Hubbard
2012,8,8/22/2012,CSB-CCB,08:50,09:20,2,2.2,SW,18.5,-99999,>10,>1,8,1,Hubbard
2012,8,8/22/2012,SCLB,07:45,08:30,0.8,1.2,-99999,19.1,-99999,>10,>10,4,0,Hubbard
2012,9,9/15/2012,AQB,14:45,15:30,0.7,1,SE,22.6,-99999,>10,1,18,10,Hubbard
2012,9,9/17/2012,ABB,17:30,18:15,1.7,2.6,SW,17.8,-99999,>100,>10,48,68,Hubbard
2012,9,9/17/2012,SCLB,15:30,-99999,2.9,3.6,SW,17.7,-99999,>10,>1,4,0,Hubbard
2012,9,9/19/2012,CSB-CCB,17:15,17:50,0.6,0.8,SW,25.7,-99999,>10,0,1,4,Hubbard
2012,9,9/19/2012,CSB-CCB,17:15,17:50,0.6,0.8,SW,25.7,-99999,>10,0,15,3,Hubbard
2012,9,9/19/2012,EUCB,07:45,08:30,1.8,2.3,E,18,-99999,>10,>1,55,7,Hubbard
2012,9,9/19/2012,IVWB,06:50,-99999,0.3,1.1,E,18.1,-99999,>10,>1,24,1,Hubbard
2012,10,10/15/2012,AQB,15:30,16:00,5.7,7,SE,20.7,-99999,>1,0,9,3,Hubbard
2012,10,10/15/2012,EUCB,16:05,16:40,2.2,2.3,WNW,20.4,-99999,>100,>1,14,11,Dugan
2012,10,10/17/2012,CSB-CCB,17:00,17:45,0.8,1,SW,24.3,-99999,>10,0,3,0,Hubbard
2012,10,10/17/2012,CSB-CCB,17:00,17:45,0.8,1,SW,24.3,-99999,>10,0,5,3,Hubbard
2012,10,10/17/2012,IVWB,17:00,17:40,1.2,1.4,NW,22.7,-99999,>100,>1,38,4,Dugan
2012,10,10/17/2012,SCLB,16:00,-99999,-99999,-99999,-99999,-99999,-99999,>10,0,2,0,Hubbard
2012,10,10/18/2012,ABB,16:45,17:15,3.6,4.5,E,22.9,-99999,>10,>10,5,5,Hubbard
2012,11,11/26/2012,ABB,13:14,-99999,1.9,2.1,SE,16.5,-99999,>100,>1,64,37,Dugan
2012,11,11/26/2012,CSB-CCB,15:00,15:31,1.1,1.2,S,17.2,-99999,>10,>1,2,1,Dugan
2012,11,11/26/2012,CSB-CCB,15:00,15:31,1.1,1.2,S,17.2,-99999,>10,>1,7,8,Dugan
2012,11,11/26/2012,SCLB,14:16,14:40,1.4,1.5,S,17.6,-99999,>10,>1,10,2,Dugan
2012,11,11/28/2012,EUCB,16:30,17:10,0,0,-99999,15.8,-99999,>10,>10,224,277,Hubbard
2012,11,11/28/2012,IVWB,15:20,-99999,1,1.7,W,16.3,-99999,>10,>1,134,29,Hubbard
2012,11,11/29/2012,AQB,16:15,16:45,4.8,3.6,E,15,-99999,0,0,268,0,Hubbard
2012,12,12/10/2012,CSB-CCB,14:35,15:05,1.3,1.5,SW,19.8,-99999,>10,>1,61,24,Dugan
2012,12,12/10/2012,SCLB,12:57,13:55,2.3,2.4,NW,17.8,-99999,>10,>1,28,7,Dugan
2012,12,12/12/2012,ABB,14:10,14:40,0.9,1,SE,16,-99999,>10,>10,80,10,Dugan
2012,12,12/13/2012,AQB,15:10,15:50,0.5,1.9,W,16.9,-99999,>1,>1,16,57,Hubbard
2012,12,12/13/2012,EUCB,14:10,14:50,3.2,3.6,WN W,15.8,-99999,>10,>1,20,25,Dugan
2012,12,12/13/2012,IVWB,15:38,-99999,2.7,3.6,NW,15.2,-99999,>10,>1,17,3,Dugan
2013,1,1/21/2013,AQB,12:18,13:00,1.8,2.4,SW,15.1,-99999,1,1,8,7,Hubbard
2013,1,1/22/2013,CSB-CCB,13:05,13:35,0,2,SE,22.8,-99999,>100,>1,18,14,Dugan
2013,1,1/22/2013,CSB-CCB,13:05,13:35,0,2,SE,22.8,-99999,>100,0,63,29,Dugan
2013,1,1/22/2013,SCLB,14:10,14:37,0,1.5,SE,23.3,-99999,>1,0,18,7,Dugan
2013,1,1/24/2013,EUCB,13:50,-99999,2,2.4,SE,15,-99999,>1,>1,13,11,Dugan
2013,1,1/24/2013,IVWB,15:10,-99999,1.4,2,SE,15.1,-99999,0,0,52,14,Dugan
2013,1,1/25/2013,ABB,15:00,15:30,0.2,0.3,SW,17.1,-99999,>10,>10,31,13,Dugan
2013,2,2/4/2013,AQB,11:30,12:00,0.7,0.8,S,17.2,-99999,1,1,4,1,Hubbard
2013,2,2/5/2013,ABB,13:35,13:55,1.2,1.4,W,14.4,-99999,>10,>10,44,0,Dugan
2013,2,2/5/2013,CSB-CCB,12:23,12:55,1.3,1.5,SE,14,-99999,>10,>1,95,9,Dugan
2013,2,2/5/2013,CSB-CCB,12:23,12:55,1.3,1.5,SE,14,-99999,>10,0,277,10,Dugan
2013,2,2/5/2013,SCLB,11:30,12:00,0.4,0.5,W,14.5,-99999,>10,>10,19,4,Dugan
2013,2,2/6/2013,EUCB,14:20,15:00,1.4,1.9,S,14.6,-99999,>10,>10,4,2,Hubbard
2013,2,2/6/2013,IVWB,13:15,14:00,1.7,2.1,S,16.2,-99999,>10,>1,45,7,Hubbard
2013,3,3/4/2013,ABB,08:26,08:50,2.1,2.5,SE,14.5,-99999,>10,>10,76,4,Dugan
2013,3,3/4/2013,AQB,09:26,-99999,0.8,1,E,14.2,-99999,0,0,3,10,Hubbard
2013,3,3/4/2013,CSB-CCB,10:09,10:41,2.4,3,ESE,14,-99999,>10,>1,30,12,Dugan
2013,3,3/4/2013,CSB-CCB,10:09,10:41,2.4,3,ESE,14,-99999,>10,>1,88,10,Dugan
2013,3,3/4/2013,SCLB,09:24,09:55,2.9,3.3,SE,14,-99999,0,0,13,0,Dugan
2013,3,3/5/2013,EUCB,10:14,10:42,2.4,2.6,SSW,12.9,-99999,>1,>1,34,8,Dugan
2013,3,3/5/2013,IVWB,11:10,-99999,1.8,2.5,S,12.3,-99999,>10,>1,30,6,Dugan
2013,4,4/16/2013,EUCB,08:44,-99999,3.1,4.2,NW,12.7,-99999,>1,>1,52,14,Dugan
2013,4,4/16/2013,IVWB,08:00,08:30,3.4,5.3,W,11.7,-99999,>10,0,12,31,Hubbard
2013,4,4/17/2013,ABB,08:28,08:49,2.8,3.2,WNW,15,-99999,>10,>10,41,1,Dugan
2013,4,4/17/2013,CSB-CCB,10:10,10:30,3.8,4.7,WNW,16,-99999,>10,1,1,0,Dugan
2013,4,4/17/2013,CSB-CCB,10:10,10:30,3.8,4.7,WNW,16,-99999,>10,1,24,1,Dugan
2013,4,4/17/2013,SCLB,09:20,09:50,3.6,4.9,WNW,14.5,-99999,>1,>1,16,0,Dugan
2013,4,4/18/2013,AQB,10:40,11:10,1.6,1.9,NW,15.6,-99999,1,1,0,2,Dugan
2013,5,5/1/2013,ABB,08:30,08:52,-99999,-99999,SSE,60,-99999,>10,>10,15,11,Dugan
2013,5,5/1/2013,AQB,09:16,-99999,0.3,0.6,SW,16.2,-99999,1,0,0,1,Hubbard
2013,5,5/1/2013,CSB-CCB,10:13,10:35,-99999,-99999,SSE,65,-99999,>10,>1,9,0,Dugan
2013,5,5/1/2013,CSB-CCB,10:13,10:35,-99999,-99999,SSE,65,-99999,>10,>1,15,11,Dugan
2013,5,5/1/2013,SCLB,09:30,-99999,-99999,-99999,SSE,60,-99999,>1,>1,13,18,Dugan
2013,5,5/2/2013,EUCB,09:57,-99999,1.8,2.1,S,15.5,-99999,>10,>1,1,3,Hubbard
2013,5,5/2/2013,IVWB,08:30,09:00,1.1,1.4,W,16.5,-99999,0,0,21,0,Hubbard
2013,6,5/28/2013,ABB,06:45,19:05,3.5,4.7,NNW,18.5,-99999,>10,>1,79,0,Dugan
2013,6,5/28/2013,CSB-CCB,08:30,08:58,3,3.4,ESE,17.3,-99999,>10,>1,35,0,Dugan
2013,6,5/28/2013,CSB-CCB,08:30,08:58,3,3.4,ESE,17.3,-99999,>10,0,72,3,Dugan
2013,6,5/28/2013,SCLB,07:45,08:10,2.7,2.9,ESE,18.1,-99999,>1,>1,18,3,Dugan
2013,6,5/31/2013,EUCB,09:20,09:50,0.8,1,S,19.1,-99999,>10,>1,45,0,Hubbard
2013,6,5/31/2013,IVWB,08:20,08:50,0.7,1.1,SE,18,-99999,>10,>1,105,1,Hubbard
2013,6,6/1/2013,AQB,11:25,11:40,1.6,1.8,WNW,18.1,-99999,>1,>1,14,4,Dugan
2013,7,7/22/2013,ABB,16:00,16:25,2.3,2.8,WNW,20.1,-99999,>100,>10,36,9,DUGAN
2013,7,7/22/2013,CSB-CCB,14:30,15:00,2.2,2.5,SE,21,-99999,>100,0,10,2,DUGAN
2013,7,7/22/2013,CSB-CCB,15:00,15:25,2.2,2.5,SE,21,-99999,>100,0,24,2,DUGAN
2013,7,7/22/2013,SCLB,13:50,14:25,2.3,2.6,SE,20,-99999,>100,>1,21,0,DUGAN
2013,7,7/25/2013,EUCB,07:39,08:15,1.5,2.1,E,17,-99999,>1,0,14,4,DUGAN
2013,7,7/25/2013,IVWB,06:45,07:15,1.3,1.3,E,17,-99999,0,0,11,1,HUBBARD
2013,7,7/26/2013,AQB,08:15,08:35,1.7,2.2,-99999,17.3,-99999,0,0,24,9,DUGAN
2013,8,8/19/2013,AQB,15:15,15:45,1.3,2,SW,18.8,-99999,>10,0,19,1,HUBBARD
2013,8,8/20/2013,ABB,16:00,16:20,4.8,5.2,WNW,18.3,-99999,>100,>10,6,8,DUGAN
2013,8,8/20/2013,CSB-CCB,14:50,15:15,3.7,4.1,NW,18.6,-99999,>100,>1,8,8,DUGAN
2013,8,8/20/2013,CSB-CCB,14:50,15:15,3.7,4.1,NW,18.6,-99999,>100,>1,15,4,DUGAN
2013,8,8/20/2013,SCLB,14:00,14:33,2.4,2.6,NW,18.2,-99999,>100,0,7,1,DUGAN
2013,8,8/21/2013,IVWB,15:00,-99999,5.1,6,W,17,-99999,>10,>1,28,13,HUBBARD
2013,8,8/22/2013,EUCB,16:10,-99999,2.2,2.4,-99999,22,-99999,>10,>1,14,8,DUGAN
2013,9,9/19/2013,ABB,17:45,18:15,5,5,W,15,-99999,>100,>10,3,15,Hubbard
2013,9,9/19/2013,CSB-CCB,16:48,17:15,5,5,SW,20,-99999,>100,>10,2,1,Hubbard
2013,9,9/19/2013,CSB-CCB,16:48,17:15,5,5,SW,20,-99999,>100,>10,2,2,Hubbard
2013,9,9/19/2013,SCLB,16:00,16:30,5,5,SW,20,-99999,>100,>10,0,0,Hubbard
2013,9,9/20/2013,IVWB,15:30,15:50,2,2,SW,17,-99999,>10,>1,45,14,HUBBARD
2013,9,9/21/2013,AQB,17:50,18:05,0.7,1.1,NNW,23.3,-99999,>1,>1,26,16,DUGAN
2013,9,9/23/2013,EUCB,18:00,18:29,0,0,-99999,10,-99999,>100,>1,50,9,DUGAN
2013,10,10/14/2013,AQB,11:40,-99999,1.5,2.2,SW,18.9,-99999,>1,0,23,2,HUBBARD
2013,10,10/15/2013,ABB,14:30,14:50,1.9,2.3,W,23.1,-99999,>10,>10,40,15,Dugan
2013,10,10/15/2013,CSB-CCB,12:25,12:45,2,2.2,W,22,-99999,>10,0,15,0,Dugan
2013,10,10/15/2013,CSB-CCB,12:25,12:45,2,2.2,W,22,-99999,>10,0,22,17,Dugan
2013,10,10/15/2013,SCLB,13:15,13:45,2.3,2.7,W,21.9,-99999,>10,>1,36,3,Dugan
2013,10,10/16/2013,EUCB,14:15,15:20,0,1.3,SW,25.5,-99999,>10,>1,110,0,DUGAN
2013,10,10/16/2013,IVWB,14:30,-99999,1.4,1.9,S,25.6,-99999,>10,>1,102,18,HUBBARD
2013,11,11/14/2013,ABB,12:30,12:50,1.8,2,NW,19.6,-99999,>100,>10,64,8,Dugan
2013,11,11/14/2013,CSB-CCB,14:15,14:25,0.6,0.8,W,23.2,-99999,>10,>1,13,1,Dugan
2013,11,11/14/2013,CSB-CCB,14:15,14:25,0.6,0.8,W,23.2,-99999,>10,>1,36,0,Dugan
2013,11,11/14/2013,SCLB,13:30,13:55,1.6,1.8,NW,21,-99999,>10,>1,7,0,Dugan
2013,11,11/15/2013,EUCB,14:30,15:00,1.2,1.5,E,19.1,-99999,>1,1,7,0,HUBBARD
2013,11,11/15/2013,IVWB,13:30,14:00,1.7,1.9,S,19.2,-99999,>10,>1,51,17,HUBBARD
2013,11,11/18/2013,AQB,15:30,15:55,2.7,3.2,NW,15.6,-99999,>1,0,41,15,DUGAN
2013,12,12/17/2013,CSB-CCB,15:37,16:05,0.2,0.4,SSW,19.5,-99999,>10,>1,21,5,Dugan
2013,12,12/17/2013,CSB-CCB,15:37,16:05,0.2,0.4,SSW,19.5,-99999,>10,>1,73,16,Dugan
2013,12,12/17/2013,IVWB,16:30,17:00,-99999,-99999,W,-99999,-99999,>100,>10,99,26,Hubbard
2013,12,12/17/2013,SCLB,14:51,15:15,1.1,1.4,WNW,17.4,-99999,>10,>1,35,2,Dugan
2013,12,12/18/2013,ABB,14:45,15:10,3.5,4,NW,14.3,-99999,>10,>10,126,37,Dugan
2013,12,12/18/2013,EUCB,16:10,16:50,0.2,0.5,WNW,15.2,-99999,>10,>1,68,39,Dugan
2013,12,12/20/2013,AQB,16:00,16:28,0.4,0.5,ESE,16.1,-99999,1,1,25,23,Dugan
2014,1,1/8/2014,AQB,10:30,10:55,2.7,3,ESE,16.3,-99999,0,0,29,3,Dugan
2014,1,1/9/2014,ABB,13:30,13:51,0.5,0.6,ESE,18.1,-99999,>10,>10,56,22,Dugan
2014,1,1/10/2014,EUCB,13:55,14:35,2.5,2.3,ESE,17,-99999,>10,>1,122,7,Dugan
2014,1,1/10/2014,IVWB,12:35,13:20,5,5.7,ESE,16.4,-99999,>10,>1,59,5,Dugan
2014,1,1/13/2014,CSB-CCB,15:15,15:50,1.2,1.4,W,20.5,-99999,>10,>1,7,0,Dugan
2014,1,1/13/2014,CSB-CCB,15:15,15:50,1.2,1.4,W,20.5,-99999,>10,>1,27,0,Dugan
2014,1,1/13/2014,SCLB,13:20,13:54,3.5,4.3,NW,18.3,-99999,>10,>1,0,0,Dugan
2014,1,1/13/2014,SCLB,13:20,13:54,3.5,4.3,NW,18.3,-99999,>10,>1,15,1,Dugan
2014,2,2/9/2014,AQB,13:00,-99999,3.3,6.8,NW,19.8,-99999,>1,0,34,8,DUGAN
2014,2,2/10/2014,EUCB,12:40,13:29,2.6,3.8,WNW,23.7,-99999,>10,>1,487,102,Dugan
2014,2,2/10/2014,IVWB,13:00,-99999,5.5,6.6,W,18,-99999,>10,>1,61,8,Hubbard
2014,2,2/11/2014,ABB,12:30,13:05,0.8,1,SSE,18,-99999,>10,>1,193,46,Dugan
2014,2,2/11/2014,CSB-CCB,14:20,14:50,1.5,1.6,WNW,18.2,-99999,>10,>1,16,5,Dugan
2014,2,2/11/2014,CSB-CCB,14:20,14:50,1.5,1.6,WNW,18.2,-99999,>10,>1,39,12,Dugan
2014,2,2/11/2014,SCLB,13:30,13:58,1.2,1.3,WSW,19.6,-99999,>10,>1,40,6,Dugan
2014,3,3/11/2014,EUCB,14:00,14:50,2,2.7,SSW,19.4,-99999,>1,>1,415,88,Dugan
2014,3,3/11/2014,IVWB,15:30,16:00,2.2,2.2,W,17,-99999,0,0,134,9,Hubbard
2014,3,3/13/2014,ABB,16:30,17:35,1.7,1.9,SSE,16.8,-99999,>100,>10,1166,25,Dugan
2014,3,3/14/2014,CSB-CCB,15:35,16:17,1.8,2.4,ESE,17.5,-99999,>10,>1,0,7,Dugan
2014,3,3/14/2014,CSB-CCB,15:35,16:17,1.8,2.4,ESE,17.5,-99999,>10,>1,462,0,Dugan
2014,3,3/14/2014,SCLB,14:40,15:14,3.5,4.2,ESE,18.1,-99999,>10,>1,265,0,Dugan
2014,3,3/21/2014,AQB,08:35,09:30,0,0,EAST,16.8,-99999,>1,0,31,158,Hubbard
2014,4,4/9/2014,EUCB,13:44,-99999,3,3.8,SW,16.7,-99999,>10,>1,4,2,Dugan
2014,4,4/10/2014,ABB,13:30,13:55,2,2.8,NW,13.1,-99999,>10,>10,5,0,Dugan
2014,4,4/10/2014,CSB-CCB,15:15,15:40,1.9,2.4,WNW,14.2,-99999,>10,>1,1,0,Dugan
2014,4,4/10/2014,CSB-CCB,15:15,15:40,1.9,2.4,WNW,14.2,-99999,>10,>1,7,0,Dugan
2014,4,4/10/2014,IVWB,13:00,14:00,2.2,2.2,W,15,-99999,>10,>10,0,0,Hubbard
2014,4,4/10/2014,SCLB,14:25,14:55,1.5,1.9,WSW,15,-99999,>10,>1,7,0,Dugan
2014,4,4/11/2014,AQB,14:05,15:00,0.7,0.8,SW,17.7,-99999,0,0,0,0,Hubbard
2014,5,5/6/2014,EUCB,10:20,10:40,2.5,4.9,NW,18.9,-99999,>10,>1,16,2,DUGAN
2014,5,5/6/2014,IVWB,11:25,12:00,4.9,6.9,NW,18.1,-99999,>1,>1,27,0,DUGAN
2014,5,5/8/2014,AQB,13:20,13:45,1,1.3,SE,18,-99999,0,0,0,1,DUGAN
2014,5,5/9/2014,ABB,12:30,13:00,1.8,2.1,SE,16.6,-99999,>10,>1,37,4,DUGAN
2014,5,5/9/2014,CSB-CCB,14:15,14:45,2.8,3.2,SE,17,-99999,>10,>1,10,0,DUGAN
2014,5,5/9/2014,CSB-CCB,14:15,14:45,2.8,3.2,SE,17,-99999,>10,>1,22,0,DUGAN
2014,5,5/9/2014,SCLB,13:40,14:00,3,3,SE,16.2,-99999,>10,>10,24,4,DUGAN
2014,6,6/16/2014,EUCB,07:04,07:45,1.8,2,E,16.5,-99999,>1,0,65,11,DUGAN
2014,6,6/16/2014,IVWB,18:00,18:30,0,0,-99999,15.5,-99999,1,1,6,0,HUBBARD
2014,6,6/17/2014,ABB,07:00,07:30,0.2,0.4,NNE,16.5,-99999,>1,>1,10,5,DUGAN
2014,6,6/17/2014,CSB-CCB,08:30,09:00,2.5,2.8,E,16.6,-99999,>10,>1,7,3,DUGAN
2014,6,6/17/2014,CSB-CCB,08:30,09:00,2.5,2.8,E,16.6,-99999,>10,0,14,7,DUGAN
2014,6,6/17/2014,SCLB,07:50,08:20,2.5,2.8,ESE,16.4,-99999,>10,>1,3,2,DUGAN
2014,6,6/18/2014,AQB,08:15,08:45,2.1,2.5,W,16.4,-99999,0,0,4,0,HUBBARD
2014,7,7/29/2014,EUCB,07:15,07:55,1.8,2.2,ESE,19.4,-99999,>1,0,15,6,DUGAN
2014,7,7/29/2014,IVWB,06:40,19:10,2,3,E,14,-99999,>1,1,8,0,HUBBARD
2014,7,7/30/2014,ABB,07:05,07:30,0.1,0.2,ESE,21.9,-99999,>1,>1,17,9,DUGAN
2014,7,7/30/2014,AQB,07:15,-99999,0,0,N/A,23.4,-99999,0,1,6,0,HUBBARD
2014,7,7/31/2014,CSB-CCB,07:47,08:20,3,3.6,E,19.4,-99999,>10,>1,14,1,DUGAN
2014,7,7/31/2014,CSB-CCB,07:47,08:20,3,3.6,E,19.4,-99999,>100,>1,25,4,DUGAN
2014,7,7/31/2014,CSB-CCB,07:47,08:20,3,3.6,E,19.4,-99999,>10,>1,25,4,DUGAN
2014,7,7/31/2014,SCLB,06:52,07:30,2,2.6,E,19.2,-99999,>1,>1,16,1,DUGAN
2014,8,8/28/2014,EUCB,06:40,07:15,0.3,0.5,ESE,20.5,-99999,>10,0,33,7,DUGAN
2014,8,8/28/2014,IVWB,18:20,-99999,0,0,-99999,18.6,-99999,>1,1,311,36,HUBBARD
2014,8,8/29/2014,ABB,07:20,07:45,2.3,3.1,ESE,19,-99999,>10,>10,331,10,Dugan
2014,8,8/29/2014,CSB-CCB,07:15,-99999,0.3,0.4,ESE,22.4,-99999,>10,0,4,0,HUBBARD
2014,8,8/29/2014,CSB-CCB,07:15,-99999,0.3,0.4,E,22.4,-99999,>10,0,2,0,Hubbard
2014,8,8/29/2014,SCLB,-99999,-99999,-99999,-99999,E,-99999,-99999,>1,>1,4,0,Hubbard
2014,8,8/30/2014,AQB,-99999,-99999,0.5,0.7,W,24.3,-99999,1,0,298,21,Hubbard
2014,9,9/22/2014,EUCB,14:45,15:30,1.9,2.1,NW,25.4,-99999,>10,1,443,73,Dugan
2014,9,9/22/2014,IVWB,14:30,-99999,2.3,4.2,SW,20.8,-99999,>10,>1,454,56,Hubbard
2014,9,9/24/2014,ABB,15:15,15:44,2.2,2.5,NW,20.3,-99999,>10,>1,13,38,Dugan
2014,9,9/24/2014,CSB-CCB,17:05,17:30,1.7,1.8,WNW,23.6,-99999,>100,>1,6,0,Dugan
2014,9,9/24/2014,CSB-CCB,17:05,17:30,1.7,1.8,WNW,23.6,-99999,>100,>1,11,0,Dugan
2014,9,9/24/2014,SCLB,16:11,16:40,1.5,1.7,WNW,22.3,-99999,>100,>1,3,0,Dugan
2014,9,9/29/2014,AQB,18:15,-99999,2.3,2.9,E,19.6,-99999,0,0,76,0,Hubbard
2014,10,11/3/2014,CSB-CCB,12:40,13:06,2.3,2.7,W,19.6,-99999,>10,0,13,0,Dugan
2014,10,11/3/2014,CSB-CCB,12:40,13:06,2.3,2.7,W,19.6,-99999,>10,0,15,0,Dugan
2014,10,11/3/2014,SCLB,13:30,14:05,2,2.2,WSW,19.5,-99999,>10,>1,40,0,Dugan
2014,10,11/4/2014,ABB,13:40,14:25,1.5,1.7,W,20.1,-99999,>10,>10,76,31,Dugan
2014,10,11/5/2014,EUCB,14:05,14:50,3.1,4.2,W,23.1,-99999,>1,>1,77,51,Dugan
2014,10,11/5/2014,IVWB,14:45,-99999,1.5,2.6,W,23.4,-99999,>100,>10,91,44,Hubbard
2014,10,11/9/2014,AQB,-99999,-99999,1.8,2.1,SW,18.1,-99999,>1,0,8,4,Hubbard
2014,11,11/19/2014,ABB,15:20,-99999,1.2,1.4,WSW,19.3,-99999,>10,>1,97,2,DUGAN
2014,11,11/19/2014,CSB-CCB,14:10,14:44,1.2,1.3,ESE,18.9,-99999,>10,>1,29,0,DUGAN
2014,11,11/19/2014,CSB-CCB,14:10,14:44,1.2,1.3,ESE,18.9,-99999,>10,>1,43,0,DUGAN
2014,11,11/19/2014,SCLB,13:21,13:49,0.6,0.7,ESE,19.4,-99999,>1,>1,37,0,DUGAN
2014,11,11/20/2014,EUCB,14:25,15:05,0.6,1.5,WNW,19.7,-99999,>1,>1,172,22,DUGAN
2014,11,11/20/2014,IVWB,-99999,-99999,1.6,2.5,W,18.9,-99999,>100,>10,357,22,HUBBARD
2014,11,11/21/2014,AQB,14:20,15:10,2.2,4.9,NNW,22.8,-99999,0,0,60,2,DUGAN
2014,12,12/17/2014,EUCB,13:30,14:09,3.2,4.6,WNW,16,-99999,1,1,127,10,DUGAN
2014,12,12/18/2014,ABB,15:20,15:47,0.8,1,ESE,17.7,-99999,>10,>10,387,45,DUGAN
2014,12,12/18/2014,CSB-CCB,14:15,14:39,1.8,2.3,WNW,16.2,-99999,>10,>1,34,3,DUGAN
2014,12,12/18/2014,CSB-CCB,14:15,14:39,1.8,2.3,WNW,16.2,-99999,>10,>1,65,2,DUGAN
2014,12,12/18/2014,IVWB,-99999,-99999,3.5,4.8,NW,17.3,-99999,>100,>1,115,4,Hubbard
2014,12,12/18/2014,SCLB,13:25,13:55,0.6,0.8,WNW,18.1,-99999,>1,>1,15,3,DUGAN
2014,12,12/19/2014,AQB,14:05,14:40,1.1,1.6,SW,17.6,-99999,1,0,29,12,Hubbard
2015,1,1/20/2015,ABB,14:30,15:10,0.5,0.7,SSE,16.9,-99999,>10,>1,17,1,DUGAN
2015,1,1/20/2015,CSB-CCB,16:30,16:58,1.2,1.5,SSE,16,-99999,>10,>1,6,1,DUGAN
2015,1,1/20/2015,CSB-CCB,16:30,16:58,1.2,1.5,SSE,16,-99999,>10,>1,8,3,DUGAN
2015,1,1/20/2015,SCLB,15:44,16:15,0.7,0.4,SSE,16.4,-99999,>10,>1,7,0,DUGAN
2015,1,1/21/2015,EUCB,14:45,15:25,1.4,1.9,WNW,19.3,-99999,>1,>1,37,10,Dugan
2015,1,1/21/2015,IVWB,-99999,-99999,1.5,1.8,W,17.1,-99999,>100,>10,1,1,Hubbard
2015,1,1/22/2015,AQB,15:45,16:15,0.4,0.6,W,16.2,-99999,>1,>1,11,0,Hubbard
2015,2,2/17/2015,EUCB,15:20,15:50,1.4,2.3,S,18.5,-99999,>10,>1,16,0,Hubbard
2015,2,2/17/2015,IVWB,12:30,-99999,2.4,3,SW,17.1,-99999,>100,>10,26,1,Hubbard
2015,2,2/18/2015,ABB,13:23,-99999,2.3,2.6,W,17.1,-99999,>100,>10,144,53,Hubbard
2015,2,2/18/2015,CSB-CCB,15:20,-99999,2.8,3.3,SW,17.2,-99999,>100,0,0,0,HUBBARD
2015,2,2/18/2015,CSB-CCB,15:20,-99999,2.8,3.3,SW,17.2,-99999,>100,1,0,0,HUBBARD
2015,2,2/18/2015,SCLB,14:37,-99999,2.1,2.8,SW,17.3,-99999,>100,>10,0,0,Hubbard
2015,2,2/26/2015,AQB,11:07,11:35,3.4,4.4,ESE,16.3,-99999,0,0,114,8,Dugan
2015,3,3/16/2015,CSB-CCB,13:50,14:20,1.6,1.9,NW,20.5,-99999,>10,0,1,0,DUGAN
2015,3,3/16/2015,CSB-CCB,13:50,14:20,1.6,1.9,NW,20.5,-99999,>10,0,6,0,DUGAN
2015,3,3/16/2015,SCLB,13:07,13:53,0.6,0.7,S,21.4,-99999,>10,>10,8,0,DUGAN
2015,3,3/17/2015,EUCB,15:10,15:32,1.4,1.9,E,21.7,-99999,>1,1,2,4,DUGAN
2015,3,3/17/2015,IVWB,14:00,14:45,1.6,1.8,SW,18.1,-99999,0,0,7,0,HUBBARD
2015,3,3/19/2015,ABB,15:15,15:50,4.3,5.2,WNW,19,-99999,>10,>1,9,3,DUGAN
2015,3,3/20/2015,AQB,15:38,16:10,3.7,4.4,WNW,17.7,-99999,0,0,17,4,DUGAN
2015,4,4/9/2015,EUCB,08:45,09:15,0.7,1,ESE,15,-99999,>1,1,23,7,DUGAN
2015,4,4/9/2015,IVWB,07:00,08:05,1.3,1.6,ESE,14.4,-99999,>1,0,32,6,DUGAN
2015,4,4/13/2015,ABB,14:20,14:58,1.9,2.2,SSW,16.8,-99999,0,0,23,0,Dugan
2015,4,4/13/2015,CSB-CCB,12:36,12:58,1.8,2.1,SE,16.7,-99999,0,0,2,0,DUGAN
2015,4,4/13/2015,CSB-CCB,12:36,12:58,1.8,2.1,SE,16.7,-99999,0,0,13,0,DUGAN
2015,4,4/13/2015,SCLB,13:24,13:48,2.3,2.7,S,17,-99999,>1,>10,16,0,Dugan
2015,4,4/14/2015,AQB,13:30,13:59,1.1,2.3,WNW,26.2,-99999,>1,>1,14,3,Dugan
2015,5,5/7/2015,EUCB,08:25,08:50,1.2,1.4,WSW,13.9,-99999,>1,>1,31,12,DUGAN
2015,5,5/7/2015,IVWB,06:55,07:38,3,2.5,WNW,12.9,-99999,>1,>1,20,21,DUGAN
2015,5,5/8/2015,ABB,07:15,07:50,1.1,2.2,WSW,12.9,-99999,>1,>1,18,3,DUGAN
2015,5,5/8/2015,CSB-CCB,09:00,09:25,2.7,2.9,ESE,13.4,-99999,>1,>1,8,0,DUGAN
2015,5,5/8/2015,CSB-CCB,09:00,09:25,2.7,2.9,ESE,13.4,-99999,>1,>1,17,0,DUGAN
2015,5,5/8/2015,SCLB,08:15,08:45,0.9,1.1,ESE,13.3,-99999,>1,>1,22,4,DUGAN
2015,5,5/10/2015,AQB,10:40,11:00,0.5,0.7,W,16.7,-99999,>1,>1,34,3,DUGAN
2015,6,6/22/2015,EUCB,08:30,09:00,2.3,2.7,WSW,19,-99999,>1,0,14,1,DUGAN
2015,6,6/22/2015,IVWB,-99999,-99999,2.2,2.4,SW,15,-99999,>10,>1,4,0,HUBBARD
2015,6,6/23/2015,ABB,10:39,11:21,3,2.7,ESE,19.2,-99999,>10,>10,71,2,DUGAN
2015,6,6/23/2015,CSB-CCB,09:30,09:59,1.6,1.8,ESE,18.6,-99999,>100,>1,77,1,DUGAN
2015,6,6/23/2015,CSB-CCB,09:30,09:59,1.6,1.8,ESE,18.6,-99999,0,0,96,0,DUGAN
2015,6,6/23/2015,SCLB,08:40,09:15,1.2,1.8,SSE,18.4,-99999,>10,>1,156,0,DUGAN
2015,6,6/30/2015,AQB,15:10,15:35,2,2.2,WNW,18.6,-99999,0,0,10,0,DUGAN
2015,7,7/21/2015,EUCB,08:55,09:25,0.8,1,ESE,21.7,-99999,>10,1,23,2,DUGAN
2015,7,7/22/2015,ABB,07:25,07:50,1.3,1.4,W,20.2,-99999,>10,0,130,0,DUGAN
2015,7,7/22/2015,AQB,08:00,-99999,2.5,3.1,SE,20.7,-99999,>1,0,1,4,HUBBARD
2015,7,7/22/2015,CSB-CCB,10:05,10:40,0.5,0.6,SSW,21.1,-99999,>100,0,10,3,DUGAN
2015,7,7/22/2015,CSB-CCB,10:05,10:40,0.5,0.6,SSW,21.1,-99999,>100,0,34,0,DUGAN
2015,7,7/22/2015,SCLB,08:45,09:15,1.1,1.3,W,20.5,-99999,>10,>1,132,0,DUGAN
2015,7,7/23/2015,IVWB,07:40,-99999,0.4,0.5,ESE,21.9,-99999,>1,>1,34,1,DUGAN
2015,8,8/18/2015,EUCB,07:20,08:05,0.5,0.6,ESE,21.2,-99999,0,0,51,13,DUGAN
2015,8,8/18/2015,IVWB,07:45,08:10,2.2,2.5,E,17,-99999,0,0,102,3,HUBBARD
2015,8,8/19/2015,CSB-CCB,08:30,08:50,1.9,2.1,ESE,19.2,-99999,>10,>1,30,0,DUGAN
2015,8,8/19/2015,CSB-CCB,08:30,08:50,1.9,2.1,ESE,19.2,-99999,>10,>1,56,0,DUGAN
2015,8,8/19/2015,SCLB,07:20,07:50,1,1.2,ESE,19.3,-99999,>10,>1,89,0,DUGAN
2015,8,8/20/2015,ABB,07:45,08:15,0.6,0.9,WSW,20.4,-99999,>10,>1,65,1,DUGAN
2015,8,8/21/2015,AQB,08:20,09:25,0.5,0.9,S,21.4,-99999,0,0,18,1,HUBBARD
2015,10,10/26/2015,ABB,15:55,16:20,2.5,3,WNW,23.9,-99999,0,0,27,2,DUGAN
2015,10,10/26/2015,CSB-CCB,14:05,14:28,1.5,2,WSW,23.9,-99999,>10,>1,2,0,DUGAN
2015,10,10/26/2015,CSB-CCB,14:05,14:28,1.5,2,WSW,23.9,-99999,>10,>1,6,1,DUGAN
2015,10,10/26/2015,SCLB,14:58,15:25,1,1.3,W,25.6,-99999,>10,0,2,0,DUGAN
2015,10,10/27/2015,AQB,15:40,16:15,0.3,0.4,SE,22.5,-99999,0,0,61,0,DUGAN
2015,10,10/28/2015,EUCB,16:35,17:15,3.4,5.2,NNW,25.9,-99999,>1,>1,34,11,DUGAN
2015,10,10/28/2015,IVWB,15:30,-99999,5.6,6.4,W,24.2,-99999,>100,>10,36,0,Hubbard
2015,11,11/23/2015,ABB,14:40,15:00,0.2,0.3,S,24.4,-99999,>10,>1,48,0,Dugan
2015,11,11/23/2015,CSB-CCB,12:55,13:15,1.4,1.5,ESE,21.9,-99999,>10,0,1,0,Dugan
2015,11,11/23/2015,CSB-CCB,12:55,13:15,1.4,1.5,ESE,21.9,-99999,>10,0,6,0,Dugan
2015,11,11/23/2015,SCLB,13:40,14:00,1.2,1.4,ESE,20.4,-99999,>10,>1,19,0,Dugan
2015,11,11/24/2015,EUCB,15:00,15:40,2.2,2.9,WNW,19.5,-99999,>1,1,30,6,Dugan
2015,11,11/24/2015,IVWB,13:45,14:05,3.4,4.9,SW,18.6,-99999,>100,>10,1,0,Hubbard
2015,11,11/25/2015,AQB,15:15,15:30,2.3,4.2,W,14.5,-99999,>1,1,3,0,Hubbard
2015,12,12/9/2015,EUCB,15:20,16:00,1.1,1.2,SE,19.3,-99999,>1,1,2638,0,Dugan
2015,12,12/9/2015,IVWB,14:45,15:15,1.2,1.3,SE,19.5,-99999,>10,>1,573,0,Hubbard
2015,12,12/10/2015,ABB,13:45,14:05,5.4,6.4,WNW,18.6,-99999,>1,1,67,1,Dugan
2015,12,12/10/2015,AQB,-99999,-99999,3.8,7.2,N,17.2,-99999,0,0,90,0,Hubbard
2015,12,12/10/2015,CSB-CCB,15:50,16:15,6.5,7.2,WNW,17.8,-99999,>1,0,54,0,Dugan
2015,12,12/10/2015,CSB-CCB,15:50,16:15,6.5,7.2,WNW,17.8,-99999,>1,0,89,0,Dugan
2015,12,12/10/2015,SCLB,15:00,15:30,5.8,6,WNW,18.1,-99999,>1,>1,62,2,Dugan
2016,1,1/16/2016,ABB,14:40,15:07,1.5,1.2,W,17.6,-99999,0,0,9,2,DUGAN
2016,1,1/20/2016,EUCB,13:50,14:15,1.7,2.8,WSW,16.4,-99999,>10,1,0,1,DUGAN
2016,1,1/20/2016,IVWB,14:40,15:10,3.4,5.4,W,15.1,-99999,>100,>10,8,0,HUBBARD
2016,1,1/21/2016,AQB,-99999,-99999,1.8,2.1,W,17.3,-99999,0,0,0,0,HUBBARD
2016,1,1/21/2016,CSB-CCB,12:40,13:10,1.2,1.4,WSW,17,-99999,>10,1,1,0,Dugan
2016,1,1/21/2016,CSB-CCB,12:40,13:10,1.2,1.4,WSW,17,-99999,>10,1,42,0,Dugan
2016,1,1/21/2016,SCLB,13:30,14:00,0.8,1,-99999,18,-99999,>10,1,13,0,Dugan
2016,2,2/23/2016,ABB,16:00,16:24,1,1.1,WSW,20.6,-99999,0,0,0,4,DUGAN
2016,2,2/23/2016,CSB-CCB,14:15,14:40,0.9,1.3,WSW,22.2,-99999,>10,1,0,0,DUGAN
2016,2,2/23/2016,CSB-CCB,14:15,14:40,0.9,1.3,WSW,22.2,-99999,>10,1,4,0,DUGAN
2016,2,2/23/2016,IVWB,15:45,16:10,0.4,0.7,E,21.7,-99999,0,0,2,0,HUBBARD
2016,2,2/23/2016,SCLB,15:00,15:25,0.7,0.8,ESE,20.3,-99999,>10,>1,4,0,DUGAN
2016,2,2/24/2016,AQB,16:30,17:15,1.4,2.5,W,19.9,-99999,1,1,7,0,Hubbard
2016,2,2/24/2016,EUCB,16:08,16:40,0.3,0.8,SW,20.6,-99999,>1,>1,1,0,Dugan
2016,3,3/21/2016,ABB,15:45,16:05,2.4,3.6,WNW,20.6,-99999,>10,>10,11,1,Dugan
2016,3,3/21/2016,CSB-CCB,13:55,-99999,1.9,2.1,W,18,-99999,>100,0,0,0,Dugan
2016,3,3/21/2016,CSB-CCB,13:55,-99999,1.9,2.1,W,18,-99999,>100,0,3,0,Dugan
2016,3,3/21/2016,IVWB,16:00,16:20,3.7,6.5,W,18.8,-99999,>10,>1,0,0,Hubbard
2016,3,3/21/2016,SCLB,14:45,15:10,0.4,0.5,S,20.7,-99999,>10,>1,8,0,Dugan
2016,3,3/22/2016,AQB,15:00,15:27,2.4,6.7,WNW,21.8,-99999,0,0,5,0,Dugan
2016,3,3/22/2016,EUCB,16:30,17:00,1.4,2.3,NNW,22.9,-99999,>1,>1,3,0,Dugan
2016,4,4/26/2016,EUCB,08:00,08:30,0.6,0.7,ESE,15.9,-99999,>1,>1,10,2,Dugan
2016,4,4/26/2016,IVWB,07:25,07:50,0.9,1.1,SE,14.2,-99999,>1,>1,28,0,Hubbard
2016,4,4/27/2016,ABB,08:30,09:00,2.2,2.7,E,15.8,-99999,>10,>1,20,0,Dugan
2016,4,4/27/2016,AQB,-99999,-99999,5.4,8.2,W,16.3,-99999,0,0,4,0,Hubbard
2016,4,4/28/2016,CSB-CCB,10:10,10:35,2.3,2.8,ENE,18.5,-99999,>10,>1,3,0,Dugan
2016,4,4/28/2016,CSB-CCB,10:10,10:35,2.3,2.8,ENE,18.5,-99999,>10,>1,7,0,Dugan
2016,4,4/28/2016,SCLB,09:20,09:50,2.4,3.9,NW,15.1,-99999,>1,>1,26,0,Dugan
2016,5,5/24/2016,EUCB,07:50,08:20,1.3,2,W,16.4,-99999,>10,>1,8,0,Dugan
2016,5,5/24/2016,IVWB,07:45,08:15,1.5,1.7,SW,16.4,-99999,>10,>1,24,0,Hubbard
2016,5,5/25/2016,ABB,07:30,07:52,0,0,-99999,19.2,-99999,>10,>10,24,1,Dugan
2016,5,5/25/2016,AQB,07:30,08:15,3.4,5.6,W,16.1,-99999,0,0,0,0,Hubbard
2016,5,5/27/2016,CSB-CCB,09:35,09:55,1.6,1.9,ESE,16.3,-99999,>10,>1,1,0,Dugan
2016,5,5/27/2016,CSB-CCB,09:35,09:55,1.6,1.9,ESE,16.3,-99999,>10,>1,6,0,Dugan
2016,5,5/27/2016,SCLB,08:33,09:05,2,2.3,ESE,16.4,-99999,>10,>1,15,1,Dugan
2016,6,6/27/2016,EUCB,09:35,09:58,0.3,0.5,SE,21.1,-99999,>100,>1,89,10,Dugan
2016,6,6/27/2016,IVWB,08:15,08:40,0.4,1.7,E,20.5,-99999,>10,>1,423,0,Hubbard
2016,6,6/28/2016,AQB,11:40,-99999,2.6,3,SW,18.6,-99999,0,0,12,1,Hubbard
2016,6,6/28/2016,SCLB,11:52,12:20,1.8,2.5,WSW,18.2,-99999,>100,>1,36,0,Dugan
2016,6,6/29/2016,ABB,09:50,10:37,0.9,1.3,NW,19.2,-99999,>100,>1,236,2,Dugan
2016,6,6/30/2016,CSB-CCB,12:50,13:15,3.2,3.6,WSW,17.6,-99999,>100,>1,5,0,Dugan
2016,6,6/30/2016,CSB-CCB,12:50,13:15,3.2,3.6,WSW,17.6,-99999,>100,>1,29,0,Dugan
2016,7,7/25/2016,ABB,07:18,07:36,0.6,0.7,ESE,20.3,-99999,>10,>1,56,0,Dugan
2016,7,7/25/2016,CSB-CCB,09:35,10:15,1.3,1.6,ESE,20.7,-99999,>100,>1,20,0,Dugan
2016,7,7/25/2016,CSB-CCB,09:35,10:15,1.3,1.6,ESE,20.7,-99999,>100,>1,61,0,Dugan
2016,7,7/25/2016,SCLB,08:40,09:10,0.8,1.3,WNW,21.1,-99999,>10,1,20,0,Dugan
2016,7,7/26/2016,AQB,09:15,09:45,0.8,1,W,19.8,-99999,1,0,22,0,Hubbard
2016,7,7/28/2016,EUCB,09:35,10:00,1,1.3,SSW,21,-99999,>10,>1,67,4,Dugan
2016,7,7/28/2016,IVWB,09:00,09:30,0.7,1,SE,21,-99999,0,0,27,0,Hubbard
2016,8,8/22/2016,AQB,08:40,09:15,0.4,0.6,E,19.4,-99999,0,>1,19,0,Hubbard
2016,8,8/22/2016,EUCB,07:20,08:08,1.4,1.8,ESE,18.2,-99999,>1,0,87,2,Dugan
2016,8,8/22/2016,EUCB,07:20,08:08,1.4,1.8,ESE,18.2,-99999,>1,0,15,0,Dugan
2016,8,8/22/2016,IVWB,-99999,-99999,3.4,4.7,E,17.7,-99999,>10,>1,15,0,Hubbard
2016,8,8/23/2016,ABB,07:20,07:40,1.2,1.6,E,19,-99999,>10,>1,97,0,Dugan
2016,8,8/23/2016,CSB-CCB,09:43,10:12,0.7,0.8,SSW,20.1,-99999,>10,>1,16,0,Dugan
2016,8,8/23/2016,CSB-CCB,09:43,10:12,0.7,0.8,SSW,20.1,-99999,>10,>1,20,0,Dugan
2016,8,8/23/2016,SCLB,08:47,09:15,0.6,0.7,SSW,20,-99999,>10,>1,19,0,Dugan
2016,9,9/15/2016,EUCB,14:58,15:35,2.1,3.6,W,20.7,-99999,>1,>1,75,0,Dugan
2016,9,9/15/2016,IVWB,16:05,16:35,3.7,4.2,W,19.5,-99999,>100,>10,47,0,Hubbard
2016,9,9/16/2016,ABB,16:00,16:25,3.7,4.1,WNW,19.2,-99999,>10,>1,69,0,Dugan
2016,9,9/29/2016,CSB-CCB,16:57,17:35,1.1,1.3,W,23,-99999,0,0,15,0,Dugan
2016,9,9/29/2016,CSB-CCB,16:57,17:35,1.1,1.3,W,23,-99999,0,0,21,0,Dugan
2016,9,9/29/2016,SCLB,15:50,16:30,2,2.3,WNW,22.1,-99999,>10,>1,34,0,Dugan
2016,9,10/1/2016,AQB,15:52,16:38,0.7,1,SE,21.6,-99999,>1,1,9,0,Hubbard
2016,10,10/25/2016,EUCB,15:20,15:58,2,2.9,W,20.9,-99999,>1,>1,61,0,Dugan
2016,10,10/25/2016,IVWB,-99999,-99999,3.6,5.4,W,18.9,-99999,>100,>10,54,0,Hubbard
2016,10,10/26/2016,ABB,13:50,14:26,0.5,0.9,SSE,20,-99999,>10,>1,83,2,Dugan
2016,10,10/28/2016,AQB,15:11,15:28,1.5,1.3,W,19.8,-99999,>1,1,34,0,Dugan
2016,10,10/31/2016,CSB-CCB,16:30,17:00,1.7,2,ESE,19.7,-99999,>10,>1,42,0,Dugan
2016,10,10/31/2016,CSB-CCB,16:30,17:00,1.7,2,ESE,19.7,-99999,>10,>1,37,0,Dugan
2016,10,10/31/2016,SCLB,15:50,16:15,2.7,3.2,E,18.6,-99999,>10,>1,14,0,Dugan
2016,11,11/22/2016,EUCB,12:18,12:56,2.1,3.7,WNW,18.5,-99999,>10,>1,179,0,Dugan
2016,11,11/22/2016,IVWB,10:30,11:00,2.9,4,SW,16.5,-99999,>10,>1,216,0,Hubbard
2016,11,11/28/2016,ABB,14:55,-99999,5.7,7.1,W,16.3,-99999,>10,>1,72,0,Dugan
2016,11,11/29/2016,AQB,15:10,15:35,0.9,1.6,SSW,19.6,-99999,0,0,23,2,Dugan
2016,11,11/29/2016,CSB-CCB,16:10,16:30,1.3,1.4,-99999,16.7,-99999,>10,>1,0,0,Dugan
2016,11,11/29/2016,CSB-CCB,16:10,16:30,1.3,1.4,-99999,16.7,-99999,>10,0,24,0,Dugan
2016,11,11/29/2016,SCLB,15:25,15:50,3.3,3.4,WNW,16.6,-99999,>10,>1,17,0,Dugan
2016,12,12/12/2016,CSB-CCB,15:45,16:10,0.8,1,S,16.1,-99999,>10,>1,9,0,Dugan
2016,12,12/12/2016,CSB-CCB,15:45,16:10,0.8,1,S,16.1,-99999,>10,>1,17,0,Dugan
2016,12,12/12/2016,SCLB,14:52,15:20,1.1,0.9,S,16.4,-99999,>1,>1,74,0,Dugan
2016,12,12/13/2016,ABB,14:29,14:56,0.7,0.9,ESE,17,-99999,>10,>10,68,0,Dugan
2016,12,12/14/2016,EUCB,15:20,15:55,1,2.1,WNW,17.2,-99999,0,0,18,0,Dugan
2016,12,12/14/2016,IVWB,16:15,16:30,1.9,2.8,SW,15,-99999,0,0,41,0,Hubbard
2016,12,12/22/2016,AQB,13:37,14:15,1.8,2,SW,15.9,-99999,>1,1,3,0,Hubbard
